-- 自定义type
INSERT INTO Types 
		(Type, Kind)
VALUES	
		('MODIFIER_ALICE_CAPITAL_CITY_GRANT_UNIT_IN_CITY', 'KIND_MODIFIER'),
		('MODIFIER_SHANGHAI_ADJUST_FRIENDLY_TERRITORY_START_MOVEMENT', 'KIND_MODIFIER'),
		('MODIFIER_ALICE_RELIGION_ADD_RELIGIOUS_BELIEF_YIELD', 'KIND_MODIFIER');


INSERT INTO DynamicModifiers 
		(ModifierType, CollectionType, EffectType)
VALUES	
		('MODIFIER_ALICE_CAPITAL_CITY_GRANT_UNIT_IN_CITY', 'COLLECTION_PLAYER_CAPITAL_CITY','EFFECT_GRANT_UNIT_IN_CITY'),
		('MODIFIER_SHANGHAI_ADJUST_FRIENDLY_TERRITORY_START_MOVEMENT', 'COLLECTION_OWNER', 'EFFECT_ADJUST_UNIT_FRIENDLY_TERRITORY_START_MOVEMENT'),
		('MODIFIER_ALICE_RELIGION_ADD_RELIGIOUS_BELIEF_YIELD', 'COLLECTION_MAJOR_PLAYERS', 'EFFECT_ADD_RELIGIOUS_BELIEF_YIELD');


-- Unit SHANGHAI
-- 上海可以修改允许修建的改造设施
INSERT INTO Improvement_ValidBuildUnits
		(ImprovementType, UnitType)
SELECT ImprovementType, 'UNIT_SHANGHAI'
FROM Improvement_ValidBuildUnits WHERE UnitType = 'UNIT_BUILDER';


-- REQ
INSERT INTO RequirementSets 
		(RequirementSetId, RequirementSetType)
VALUES	
		('REQSET_UNIT_ADJ_DOLL', 'REQUIREMENTSET_TEST_ALL'),
		('REQSET_MELEE_OPPONENT', 'REQUIREMENTSET_TEST_ALL'),
		('REQSET_SHANGHAI_IN_FOREST', 'REQUIREMENTSET_TEST_ALL'),
		('REQSET_SHANGHAI_IN_RAIN_FOREST', 'REQUIREMENTSET_TEST_ALL'),	
		('REQSET_UNIT_IS_SHANGHAI', 'REQUIREMENTSET_TEST_ALL');


INSERT INTO Requirements 
		(RequirementId, RequirementType)
VALUES	
		('REQ_UNIT_ADJ_SHANGHAI', 'REQUIREMENT_PLOT_ADJACENT_FRIENDLY_UNIT_TYPE_MATCHES'), 
		('REQ_MELEE_OPPONENT', 'REQUIREMENT_OPPONENT_UNIT_TAG_MATCHES'), 
		('REQ_SHANGHAI_IN_FOREST', 'REQUIREMENT_PLOT_FEATURE_TYPE_MATCHES'), 
		('REQ_SHANGHAI_IN_RAIN_FOREST', 'REQUIREMENT_PLOT_FEATURE_TYPE_MATCHES'), 
		('REQ_UNIT_IS_SHANGHAI', 'REQUIREMENT_UNIT_TYPE_MATCHES');


INSERT INTO RequirementSetRequirements
		(RequirementSetId, RequirementId)
VALUES	
		('REQSET_UNIT_ADJ_DOLL', 'REQ_UNIT_ADJ_SHANGHAI'),
		('REQSET_MELEE_OPPONENT', 'REQ_MELEE_OPPONENT'),
		('REQSET_SHANGHAI_IN_FOREST', 'REQ_SHANGHAI_IN_FOREST'),
		('REQSET_SHANGHAI_IN_RAIN_FOREST', 'REQ_SHANGHAI_IN_RAIN_FOREST'),
		('REQSET_UNIT_IS_SHANGHAI', 'REQ_UNIT_IS_SHANGHAI');


INSERT INTO RequirementArguments
		(RequirementId, Name, Value)
VALUES	
		('REQ_UNIT_ADJ_SHANGHAI', 'UnitType', 'UNIT_SHANGHAI'),
		('REQ_MELEE_OPPONENT', 'Tag', 'CLASS_MELEE'),
		('REQ_SHANGHAI_IN_FOREST', 'FeatureType', 'FEATURE_FOREST'),
		('REQ_SHANGHAI_IN_RAIN_FOREST', 'FeatureType', 'FEATURE_JUNGLE'), 
		('REQ_UNIT_IS_SHANGHAI', 'UnitType', 'UNIT_SHANGHAI');


INSERT INTO Modifiers 
		(ModifierId, ModifierType, SubjectRequirementSetId)
VALUES	('TRAIT_DOLL_WONDER_PERCENT', 'MODIFIER_PLAYER_ADJUST_UNIT_WONDER_PERCENT', NULL) ,
		('TRAIT_DOLL_DISTRICT_PERCENT', 'MODIFIER_PLAYER_ADJUST_UNIT_DISTRICT_PERCENT', NULL) ,
		('TRAIT_SHANGHAI_VS_MELEE_BONUS_MODIFIER', 'MODIFIER_UNIT_ADJUST_COMBAT_STRENGTH', 'REQSET_MELEE_OPPONENT') ,
		('TRAIT_SHANGHAI_VS_MELEE_BONUS', 'MODIFIER_SINGLE_UNIT_ATTACH_MODIFIER', NULL) ,
		('TRAIT_SHANGHAI_SIEGE_BONUS_MODIFIER', 'MODIFIER_PLAYER_UNIT_ADJUST_SUPPORT_BONUS_MODIFIER', NULL) ,
		('TRAIT_SHANGHAI_SIEGE_BONUS', 'MODIFIER_UNIT_ADJUST_COMBAT_STRENGTH', NULL) ,
		('SHANGHAI_IN_FORMATION_BONUS_MOVEMENT', 'MODIFIER_SHANGHAI_ADJUST_FRIENDLY_TERRITORY_START_MOVEMENT', NULL) ,
		('SHANGHAI_BONUS_IN_FOREST', 'MODIFIER_UNIT_ADJUST_COMBAT_STRENGTH', 'REQSET_SHANGHAI_IN_FOREST') ,
		('SHANGHAI_BONUS_IN_RAIN_FOREST', 'MODIFIER_UNIT_ADJUST_COMBAT_STRENGTH', 'REQSET_SHANGHAI_IN_RAIN_FOREST') ,
		('SHANGHAI_KILL_MACHINE', 'MODIFIER_UNIT_ADJUST_COMBAT_STRENGTH', NULL) ,
		('SHANGHAI_LV_UP_BONUS', 'MODIFIER_UNIT_ADJUST_COMBAT_STRENGTH', NULL) ,
		('TRAIT_SHANGHAI_FASTER_COMBAT_XP', 'MODIFIER_PLAYER_UNIT_ADJUST_UNIT_EXPERIENCE_MODIFIER', NULL) ,
		('TRAIT_DOLL_NEIGHBOR_COMBAT_MODIFIER', 'MODIFIER_UNIT_ADJUST_COMBAT_STRENGTH', NULL) ,
		('TRAIT_DOLL_NEIGHBOR_COMBAT', 'MODIFIER_SINGLE_UNIT_ATTACH_MODIFIER', 'REQSET_UNIT_ADJ_DOLL') ;


INSERT INTO ModifierArguments
		(ModifierId, Name, Value)
VALUES	('TRAIT_DOLL_WONDER_PERCENT', 'Amount', 5),
		('TRAIT_DOLL_DISTRICT_PERCENT', 'Amount', 5) ,
		('TRAIT_SHANGHAI_VS_MELEE_BONUS_MODIFIER', 'Amount', 10),
		('TRAIT_SHANGHAI_VS_MELEE_BONUS', 'ModifierId', 'TRAIT_SHANGHAI_VS_MELEE_BONUS_MODIFIER'),
		('TRAIT_SHANGHAI_SIEGE_BONUS_MODIFIER', 'Amount', 100) ,
		('TRAIT_SHANGHAI_SIEGE_BONUS', 'ModifierId', 'TRAIT_SHANGHAI_SIEGE_BONUS_MODIFIER') ,
		('SHANGHAI_IN_FORMATION_BONUS_MOVEMENT', 'Amount', 1) ,
		('SHANGHAI_BONUS_IN_FOREST', 'Amount', 10) ,
		('SHANGHAI_BONUS_IN_RAIN_FOREST', 'Amount', 10) ,
		('SHANGHAI_KILL_MACHINE', 'Amount', 10) ,
		('SHANGHAI_LV_UP_BONUS', 'Amount', 5) ,
		('TRAIT_SHANGHAI_FASTER_COMBAT_XP', 'Amount', 25) ,
		('TRAIT_DOLL_NEIGHBOR_COMBAT_MODIFIER', 'Amount', 10),
		('TRAIT_DOLL_NEIGHBOR_COMBAT', 'ModifierId', 'TRAIT_DOLL_NEIGHBOR_COMBAT_MODIFIER');


INSERT INTO UnitAbilityModifiers
		(UnitAbilityType, ModifierId)
VALUES	
		-- ('ABILITY_DOLL', 'TRAIT_DOLL_WONDER_PERCENT'),
		-- ('ABILITY_DOLL', 'TRAIT_DOLL_DISTRICT_PERCENT'),
		-- 测试，无法在境外回血
		-- ('ABILITY_SHANGHAI', 'TWILIGHTVALOR_NO_FOREIGN_HEAL'),
		('ABILITY_SHANGHAI', 'TRAIT_SHANGHAI_VS_MELEE_BONUS'),
		('ABILITY_SHANGHAI', 'TRAIT_SHANGHAI_FASTER_COMBAT_XP');
		-- ('ABILITY_SHANGHAI', 'DOUBLE_ENVELOPMENT_BONUS_FLANKING_BONUS_MODIFIER'),
		-- ('ABILITY_SHANGHAI', 'TRAIT_SHANGHAI_SIEGE_BONUS'),
		-- ('ABILITY_SHANGHAI', 'TRAIT_DOLL_NEIGHBOR_COMBAT');

-- 上海的独特升级树
INSERT INTO UnitPromotionModifiers 
		(UnitPromotionType, ModifierId)
VALUES	('PROMOTION_SHANGHAI_L1L', 'DOUBLE_ENVELOPMENT_BONUS_FLANKING_BONUS_MODIFIER') ,
		('PROMOTION_SHANGHAI_L1L', 'TRAIT_SHANGHAI_SIEGE_BONUS') ,
		('PROMOTION_SHANGHAI_L2L', 'DANCING_CRANE_BONUS_MOVEMENT') ,
		('PROMOTION_SHANGHAI_L3L', 'CAMOUFLAGE_STEALTH') ,
		('PROMOTION_SHANGHAI_L3L', 'SHANGHAI_BONUS_IN_FOREST') ,
		('PROMOTION_SHANGHAI_L3L', 'SHANGHAI_BONUS_IN_RAIN_FOREST') ,
		('PROMOTION_SHANGHAI_L1R', 'TRAIT_DOLL_NEIGHBOR_COMBAT') ,
		('PROMOTION_SHANGHAI_L2R', 'SHANGHAI_IN_FORMATION_BONUS_MOVEMENT') ,
		('PROMOTION_SHANGHAI_L2R', 'ESCORT_MOBILITY_SHARED_MOVEMENT') ,
		('PROMOTION_SHANGHAI_L3R', 'ELITE_GUARD_ADDITIONAL_ATTACK') ,
		('PROMOTION_SHANGHAI_L3R', 'MOD_MOVE_AFTER_ATTACKING') ,
		('PROMOTION_SHANGHAI_L4', 'IGNOREZOC_IGNORE_ZOC') ,
		('PROMOTION_SHANGHAI_L4', 'SHANGHAI_KILL_MACHINE') , 
		('PROMOTION_SHANGHAI_L1L', 'SHANGHAI_LV_UP_BONUS') ,
		('PROMOTION_SHANGHAI_L2L', 'SHANGHAI_LV_UP_BONUS') ,
		('PROMOTION_SHANGHAI_L3L', 'SHANGHAI_LV_UP_BONUS') ,
		('PROMOTION_SHANGHAI_L1R', 'SHANGHAI_LV_UP_BONUS') ,
		('PROMOTION_SHANGHAI_L2R', 'SHANGHAI_LV_UP_BONUS') ,
		('PROMOTION_SHANGHAI_L3R', 'SHANGHAI_LV_UP_BONUS') ,
		('PROMOTION_SHANGHAI_L4', 'SHANGHAI_LV_UP_BONUS') ;

-- Leader Alice
INSERT INTO Modifiers 
		(ModifierId, ModifierType, SubjectRequirementSetId)
VALUES	('TRAIT_DOLL_CORPS_EARLY', 'MODIFIER_PLAYER_CORPS_ARMY_PREREQ', NULL) ,
		('TRAIT_DOLL_ARMIES_EARLY', 'MODIFIER_PLAYER_CORPS_ARMY_PREREQ', NULL),
		('TRAIT_LEADER_DOLL_MASTER_SEND_SHANGHAI', 'MODIFIER_ALICE_PLAYER_CITIES_GRANT_UNIT', NULL);

 
INSERT INTO ModifierArguments
		(ModifierId, Name, Value)
VALUES	('TRAIT_DOLL_CORPS_EARLY', 'Corps', 1),
		('TRAIT_DOLL_CORPS_EARLY', 'Domain', 'DOMAIN_LAND'),
		-- 方便测试，暂改为军事传统后解锁
		('TRAIT_DOLL_CORPS_EARLY', 'CivicType', 'CIVIC_MERCENARIES'),
		('TRAIT_DOLL_ARMIES_EARLY', 'Corps', 0),
		('TRAIT_DOLL_ARMIES_EARLY', 'Domain', 'DOMAIN_LAND'),
		('TRAIT_DOLL_ARMIES_EARLY', 'CivicType', 'CIVIC_NATIONALISM'),
		('TRAIT_LEADER_DOLL_MASTER_SEND_SHANGHAI', 'UnitType', 'UNIT_SHANGHAI'),
		('TRAIT_LEADER_DOLL_MASTER_SEND_SHANGHAI', 'Amount', 1);


INSERT INTO TraitModifiers
		(TraitType, ModifierId)
VALUES	
		-- ('TRAIT_LEADER_DOLL_MASTER',	'TRAIT_DOLL_CORPS_EARLY') ,
		-- ('TRAIT_LEADER_DOLL_MASTER',	'TRAIT_DOLL_ARMIES_EARLY'),
		('TRAIT_LEADER_DOLL_MASTER',	'TRAIT_LEADER_DOLL_MASTER_SEND_SHANGHAI');

-- Civ
INSERT INTO Modifiers 
		(ModifierId, ModifierType, SubjectRequirementSetId)
VALUES	('TRAIT_RAINFOREST_CENTER_ADJACENCY', 'MODIFIER_PLAYER_CITIES_FEATURE_ADJACENCY', NULL) ,
		('TRAIT_FOREST_CENTER_ADJACENCY', 'MODIFIER_PLAYER_CITIES_FEATURE_ADJACENCY', NULL),
		('TRAIT_ALICE_CAN_SEE_MASHROOM', 'MODIFIER_PLAYER_GRANT_FREE_RESOURCE_VISIBILITY', NULL);


 
INSERT INTO ModifierArguments
		(ModifierId, Name, Value)
VALUES	('TRAIT_RAINFOREST_CENTER_ADJACENCY', 'DistrictType', 'DISTRICT_CITY_CENTER'),
		('TRAIT_RAINFOREST_CENTER_ADJACENCY', 'FeatureType', 'FEATURE_JUNGLE'),
		('TRAIT_RAINFOREST_CENTER_ADJACENCY', 'YieldType', 'YIELD_FOOD'),
		('TRAIT_RAINFOREST_CENTER_ADJACENCY', 'Amount', 1),
		('TRAIT_RAINFOREST_CENTER_ADJACENCY', 'Description', 'LOC_DISTRICT_JUNGLE_1_FOOD'),
		('TRAIT_FOREST_CENTER_ADJACENCY', 'DistrictType', 'DISTRICT_CITY_CENTER'),
		('TRAIT_FOREST_CENTER_ADJACENCY', 'FeatureType', 'FEATURE_FOREST'),
		('TRAIT_FOREST_CENTER_ADJACENCY', 'YieldType', 'YIELD_PRODUCTION'),
		('TRAIT_FOREST_CENTER_ADJACENCY', 'Amount', 1),
		('TRAIT_FOREST_CENTER_ADJACENCY', 'Description', 'LOC_DISTRICT_FOREST_1_PRODUCTION'),
		('TRAIT_ALICE_CAN_SEE_MASHROOM', 'ResourceType', 'RESOURCE_MAGIC_MASHROOM');

					
INSERT INTO TraitModifiers
		(TraitType, ModifierId)
VALUES	('TRAIT_MAGIC_POWER',	'TRAIT_RAINFOREST_CENTER_ADJACENCY') ,
		('TRAIT_MAGIC_POWER',	'TRAIT_FOREST_CENTER_ADJACENCY'),
		('TRAIT_MAGIC_POWER',	'TRAIT_ALICE_CAN_SEE_MASHROOM');


-- Distric DOLL_HOME
INSERT INTO Requirements
	(RequirementId, RequirementType)
VALUES	('REQ_POT_ADJ_DOLL_HOME', 'REQUIREMENT_PLOT_ADJACENT_DISTRICT_TYPE_MATCHES') ,
		('REQ_POT_ADJ_DOLL_HOME_TIER2', 'REQUIREMENT_PLOT_ADJACENT_DISTRICT_TYPE_MATCHES') ,
		('REQ_POT_ADJ_DOLL_HOME_TIER3', 'REQUIREMENT_PLOT_ADJACENT_DISTRICT_TYPE_MATCHES') ;


INSERT INTO RequirementArguments 
	(RequirementId, Name, Value)
VALUES ('REQ_POT_ADJ_DOLL_HOME',	'DistrictType',	'DISTRICT_DOLL_HOME') ,
		('REQ_POT_ADJ_DOLL_HOME',	'MaxRange', '1') ,
		('REQ_POT_ADJ_DOLL_HOME',	'MinRange', '0') ,
		
		('REQ_POT_ADJ_DOLL_HOME_TIER2',	'DistrictType',	'DISTRICT_DOLL_HOME') ,
		('REQ_POT_ADJ_DOLL_HOME_TIER2',	'MaxRange', '2') ,
		('REQ_POT_ADJ_DOLL_HOME_TIER2',	'MinRange', '2') ,	 
		
		('REQ_POT_ADJ_DOLL_HOME_TIER3',	'DistrictType',	'DISTRICT_DOLL_HOME') ,
		('REQ_POT_ADJ_DOLL_HOME_TIER3',	'MaxRange', '3') ,
		('REQ_POT_ADJ_DOLL_HOME_TIER3',	'MinRange', '3') ;
		

INSERT INTO RequirementSets 
	(RequirementSetId, RequirementSetType)

VALUES ('REQSET_POT_ADJ_DOLL_HOME', 'REQUIREMENTSET_TEST_ALL') ,

		('REQSET_POT_ADJ_DOLL_HOME_TIER2', 'REQUIREMENTSET_TEST_ALL') ,
		('REQSET_POT_ADJ_DOLL_HOME_TIER2_ERA', 'REQUIREMENTSET_TEST_ANY') ,
		
		('REQSET_POT_ADJ_DOLL_HOME_TIER3', 'REQUIREMENTSET_TEST_ALL') ,
		('REQSET_POT_ADJ_DOLL_HOME_TIER3_ERA', 'REQUIREMENTSET_TEST_ANY') ;

		
INSERT INTO RequirementSetRequirements
	(RequirementSetId,	RequirementId)

VALUES	('REQSET_POT_ADJ_DOLL_HOME', 'REQ_POT_ADJ_DOLL_HOME') ,
		('REQSET_POT_ADJ_DOLL_HOME_TIER2', 'REQ_POT_ADJ_DOLL_HOME_TIER2') ,
		('REQSET_POT_ADJ_DOLL_HOME_TIER2_ERA', 'PLAYER_HAS_GOV_BUILDING_CITYSTATES_REQUIREMENT') ,
		('REQSET_POT_ADJ_DOLL_HOME_TIER2_ERA', 'PLAYER_HAS_GOV_BUILDING_FAITH_REQUIREMENT') ,
		('REQSET_POT_ADJ_DOLL_HOME_TIER2_ERA', 'PLAYER_HAS_GOV_BUILDING_SPIES_REQUIREMENT') ,
		
		('REQSET_POT_ADJ_DOLL_HOME_TIER3', 'REQ_POT_ADJ_DOLL_HOME_TIER3') ,
		('REQSET_POT_ADJ_DOLL_HOME_TIER3_ERA', 'PLAYER_HAS_GOV_BUILDING_MILITARY_REQUIREMENT') ,
		('REQSET_POT_ADJ_DOLL_HOME_TIER3_ERA', 'PLAYER_HAS_GOV_BUILDING_SCIENCE_REQUIREMENT') ,
		('REQSET_POT_ADJ_DOLL_HOME_TIER3_ERA', 'PLAYER_HAS_GOV_BUILDING_CULTURE_REQUIREMENT') ;
	

INSERT INTO Modifiers 
		(ModifierId, ModifierType, SubjectRequirementSetId)
VALUES	
		('DOLL_HOME_PROD_MODIFIER', 'MODIFIER_CITY_PLOT_YIELDS_ADJUST_PLOT_YIELD', 'REQSET_POT_ADJ_DOLL_HOME') ,
		('DOLL_HOME_PROD', 'MODIFIER_PLAYER_CITIES_ATTACH_MODIFIER', NULL) ,		

		('DOLL_HOME_PROD_TIER2_MODIFIER', 'MODIFIER_CITY_PLOT_YIELDS_ADJUST_PLOT_YIELD', 'REQSET_POT_ADJ_DOLL_HOME_TIER2') ,
		('DOLL_HOME_PROD_TIER2', 'MODIFIER_PLAYER_CITIES_ATTACH_MODIFIER', 'REQSET_POT_ADJ_DOLL_HOME_TIER2_ERA') ,

		('DOLL_HOME_PROD_TIER3_MODIFIER', 'MODIFIER_CITY_PLOT_YIELDS_ADJUST_PLOT_YIELD', 'REQSET_POT_ADJ_DOLL_HOME_TIER3') ,
		('DOLL_HOME_PROD_TIER3', 'MODIFIER_PLAYER_CITIES_ATTACH_MODIFIER', 'REQSET_POT_ADJ_DOLL_HOME_TIER3_ERA') ,

		('DOLL_HOME_BASIC_PRODUCTION', 'MODIFIER_PLAYER_DISTRICT_ADJUST_BASE_YIELD_CHANGE', NULL) ,
		('DOLL_HOME_BASIC_CULTURE', 'MODIFIER_PLAYER_DISTRICT_ADJUST_BASE_YIELD_CHANGE', NULL) ,
		('DOLL_HOME_BASIC_SCIENCE', 'MODIFIER_PLAYER_DISTRICT_ADJUST_BASE_YIELD_CHANGE', NULL) ;

		
INSERT INTO ModifierArguments
		(ModifierId, Name, Value)
VALUES	
		('DOLL_HOME_PROD_MODIFIER', 'Amount', '1'),
		('DOLL_HOME_PROD_MODIFIER', 'YieldType', 'YIELD_PRODUCTION') ,
		('DOLL_HOME_PROD', 'ModifierId', 'DOLL_HOME_PROD_MODIFIER')  ,
		
		('DOLL_HOME_PROD_TIER2_MODIFIER', 'Amount',  '1'),
		('DOLL_HOME_PROD_TIER2_MODIFIER', 'YieldType',  'YIELD_PRODUCTION') ,
		('DOLL_HOME_PROD_TIER2', 'ModifierId',  'DOLL_HOME_PROD_TIER2_MODIFIER')  ,		
		
		('DOLL_HOME_PROD_TIER3_MODIFIER', 'Amount',  '1'),
		('DOLL_HOME_PROD_TIER3_MODIFIER', 'YieldType',  'YIELD_PRODUCTION') ,
		('DOLL_HOME_PROD_TIER3', 'ModifierId',  'DOLL_HOME_PROD_TIER3_MODIFIER')  ,

		('DOLL_HOME_BASIC_PRODUCTION', 'Amount',  '2'),
		('DOLL_HOME_BASIC_PRODUCTION', 'YieldType',  'YIELD_PRODUCTION') ,
		('DOLL_HOME_BASIC_CULTURE', 'Amount',  '2'),
		('DOLL_HOME_BASIC_CULTURE', 'YieldType',  'YIELD_CULTURE') ,
		('DOLL_HOME_BASIC_SCIENCE', 'Amount',  '2'),
		('DOLL_HOME_BASIC_SCIENCE', 'YieldType',  'YIELD_SCIENCE') ;
		
	
INSERT INTO TraitModifiers
		(TraitType, ModifierId)
VALUES	('TRAIT_LEADER_DOLL_MASTER',	'DOLL_HOME_PROD') ,
		('TRAIT_LEADER_DOLL_MASTER',	'DOLL_HOME_PROD_TIER2') ,
		('TRAIT_LEADER_DOLL_MASTER',	'DOLL_HOME_PROD_TIER3') ;


INSERT INTO DistrictModifiers
		(DistrictType, ModifierId)
VALUES	('DISTRICT_DOLL_HOME',	'DOLL_HOME_BASIC_PRODUCTION') ,
		('DISTRICT_DOLL_HOME',	'DOLL_HOME_BASIC_CULTURE') ,
		('DISTRICT_DOLL_HOME',	'DOLL_HOME_BASIC_SCIENCE') ;


-- 获得和升级伟人
INSERT INTO Requirements
	(RequirementId, RequirementType)
VALUES	('REQ_UNIT_IS_MARISA', 'REQUIREMENT_UNIT_TYPE_MATCHES') ,
		('REQ_UNIT_IS_SHINKI', 'REQUIREMENT_UNIT_TYPE_MATCHES') ;


INSERT INTO RequirementArguments 
	(RequirementId, Name, Value)
VALUES 	('REQ_UNIT_IS_MARISA',	'UnitType',	'UNIT_KIRISAME_MARISA') ,	
		('REQ_UNIT_IS_SHINKI',	'UnitType',	'UNIT_GOD_SHINKI') ;


INSERT INTO RequirementSets 
	(RequirementSetId, RequirementSetType)
VALUES 	('REQSET_UNIT_IS_MARISA', 'REQUIREMENTSET_TEST_ALL') ,
		('REQSET_UNIT_IS_SHINKI', 'REQUIREMENTSET_TEST_ALL') ;	


INSERT INTO RequirementSetRequirements
	(RequirementSetId,	RequirementId)
VALUES	('REQSET_UNIT_IS_MARISA', 'REQ_UNIT_IS_MARISA') ,
		('REQSET_UNIT_IS_SHINKI', 'REQ_UNIT_IS_SHINKI') ;


INSERT INTO Modifiers 
		(ModifierId, ModifierType, SubjectRequirementSetId)
VALUES	('PROJECT_GRANT_UNIT_MARISA', 'MODIFIER_SINGLE_CITY_GRANT_UNIT_IN_CITY', NULL) ,
		-- ('PROJECT_GRANT_UNIT_SHANGHAI', 'MODIFIER_SINGLE_CITY_GRANT_UNIT_IN_CITY', NULL) ,
		('PROJECT_UNIT_MARISA_PROMOTION', 'MODIFIER_PLAYER_UNITS_ADJUST_GRANT_EXPERIENCE', 'REQSET_UNIT_IS_MARISA') ,
		('PROJECT_UNIT_SHANGHAI_PROMOTION', 'MODIFIER_PLAYER_UNITS_ADJUST_GRANT_EXPERIENCE', 'REQSET_UNIT_IS_SHANGHAI') ,
		('PROJECT_GRANT_UNIT_SHINKI', 'MODIFIER_SINGLE_CITY_GRANT_UNIT_IN_CITY', NULL) ,
		('PROJECT_UNIT_SHINKI_PROMOTION', 'MODIFIER_PLAYER_UNITS_ADJUST_GRANT_EXPERIENCE', 'REQSET_UNIT_IS_SHINKI');


INSERT INTO ModifierArguments
		(ModifierId, Name, Value)
VALUES	('PROJECT_GRANT_UNIT_MARISA', 'UnitType', 'UNIT_KIRISAME_MARISA'),
		('PROJECT_GRANT_UNIT_MARISA', 'Amount', 1),
		-- ('PROJECT_GRANT_UNIT_SHANGHAI', 'UnitType', 'UNIT_SHANGHAI'),
		-- ('PROJECT_GRANT_UNIT_SHANGHAI', 'Amount', 1),
		('PROJECT_UNIT_MARISA_PROMOTION', 'Amount', -1) ,
		('PROJECT_UNIT_SHANGHAI_PROMOTION', 'Amount', -1) ,
		('PROJECT_GRANT_UNIT_SHINKI', 'UnitType', 'UNIT_GOD_SHINKI'),
		('PROJECT_GRANT_UNIT_SHINKI', 'Amount', 1),
		('PROJECT_UNIT_SHINKI_PROMOTION', 'Amount', -1) ;

-- Marisa
INSERT INTO Requirements
	(RequirementId, RequirementType)
VALUES	('REQ_ALICE_DECLARED_FRIEND', 'REQUIREMENT_CIVILIZATION_LEVEL') ;


INSERT INTO RequirementArguments 
	(RequirementId, Name, Value)
VALUES 	('REQ_ALICE_DECLARED_FRIEND',	'OpponentCivLevel',	'CIVILIZATION_LEVEL_FULL_CIV') ;


INSERT INTO RequirementSets 
	(RequirementSetId, RequirementSetType)
VALUES 	('REQSET_ALICE_DECLARED_FRIEND', 'REQUIREMENTSET_TEST_ALL') ;


-- 可以直接设置RequirementId:REQUIRES_MAJOR_CIV_OPPONENT
INSERT INTO RequirementSetRequirements
	(RequirementSetId,	RequirementId)
VALUES	('REQSET_ALICE_DECLARED_FRIEND', 'REQ_ALICE_DECLARED_FRIEND') ;


INSERT INTO Modifiers 
		(ModifierId, ModifierType, SubjectRequirementSetId)
VALUES	('SPY_CHOOSE_SKILL', 'MODIFIER_PLAYER_UNIT_GRANT_UNLIMITED_PROMOTION_CHOICES', NULL) ,
		-- ('MARISA_ADD_TRADE_ROUTE_CAPACITY', 'MODIFIER_ALL_PLAYERS_ATTACH_MODIFIER', 'REQSET_ALICE_DECLARED_FRIEND') ,
		-- ('MARISA_ADD_TRADE_ROUTE_CAPACITY_MODIFIER', 'MODIFIER_PLAYER_ADJUST_TRADE_ROUTE_CAPACITY', NULL) ,
		-- ('MARISA_GRANT_TRADER', 'MODIFIER_ALL_PLAYERS_ATTACH_MODIFIER', 'REQSET_ALICE_DECLARED_FRIEND'),
		-- ('MARISA_GRANT_TRADER_MODIFIER', 'MODIFIER_ALICE_CAPITAL_CITY_GRANT_UNIT_IN_CITY', NULL),
		-- 直接改为+2商路和2路线效果
		('MARISA_ADD_TRADE_ROUTE_CAPACITY', 'MODIFIER_PLAYER_ADJUST_TRADE_ROUTE_CAPACITY', NULL) ,
		('MARISA_GRANT_TRADER', 'MODIFIER_ALICE_CAPITAL_CITY_GRANT_UNIT_IN_CITY', NULL),
		-- 大盗魔理沙
		('SPY_MARISA_GREAT_WORK_HEIST', 'MODIFIER_PLAYER_UNITS_GRANT_PROMOTION', NULL) ,
		('SPY_MARISA_RUN_FAST', 'MODIFIER_PLAYER_UNITS_GRANT_PROMOTION', NULL) ,

		-- 暂时取消PLAYER_IS_AT_PEACE_WITH_ALL_MAJORS的条件，方便测试
		('MARISA_FOOD_TO_INCOMING_FOREIGN_ROUTES', 'MODIFIER_PLAYER_CITIES_ADJUST_TRADE_ROUTE_YIELD_TO_OTHERS', NULL) ,
		('MARISA_FOOD_FROM_INCOMING_FOREIGN_ROUTES', 'MODIFIER_PLAYER_CITIES_ADJUST_TRADE_ROUTE_YIELD_FROM_OTHERS', NULL),
		('MARISA_PRODUCTION_TO_INCOMING_FOREIGN_ROUTES', 'MODIFIER_PLAYER_CITIES_ADJUST_TRADE_ROUTE_YIELD_TO_OTHERS', NULL) ,
		('MARISA_PRODUCTION_FROM_INCOMING_FOREIGN_ROUTES', 'MODIFIER_PLAYER_CITIES_ADJUST_TRADE_ROUTE_YIELD_FROM_OTHERS', NULL),
		('MARISA_CULTURE_TO_INCOMING_FOREIGN_ROUTES', 'MODIFIER_PLAYER_CITIES_ADJUST_TRADE_ROUTE_YIELD_FROM_OTHERS', NULL) ,
		('MARISA_CULTURE_FROM_INCOMING_FOREIGN_ROUTES', 'MODIFIER_PLAYER_CITIES_ADJUST_TRADE_ROUTE_YIELD_FROM_OTHERS', NULL),
		('MARISA_GOLD_TO_INCOMING_FOREIGN_ROUTES', 'MODIFIER_PLAYER_CITIES_ADJUST_TRADE_ROUTE_YIELD_TO_OTHERS', NULL) ,
		('MARISA_GOLD_FROM_INCOMING_FOREIGN_ROUTES', 'MODIFIER_PLAYER_CITIES_ADJUST_TRADE_ROUTE_YIELD_FROM_OTHERS', NULL),
		
		('MARISA_EXTRA_FOOD_TO_ALLY', 'MODIFIER_PLAYER_ADJUST_TRADE_ROUTE_DESTINATION_YIELD_FOR_ALLY_ROUTE', NULL) ,
		('MARISA_EXTRA_FOOD_FROM_ALLY', 'MODIFIER_PLAYER_ADJUST_TRADE_ROUTE_DESTINATION_YIELD_FOR_ALLY_ROUTE', NULL),
		('MARISA_EXTRA_PRODUCTION_TO_ALLY', 'MODIFIER_PLAYER_ADJUST_TRADE_ROUTE_DESTINATION_YIELD_FOR_ALLY_ROUTE', NULL) ,
		('MARISA_EXTRA_PRODUCTION_FROM_ALLY', 'MODIFIER_PLAYER_ADJUST_TRADE_ROUTE_DESTINATION_YIELD_FOR_ALLY_ROUTE', NULL),
		('MARISA_EXTRA_CULTURE_TO_ALLY', 'MODIFIER_PLAYER_ADJUST_TRADE_ROUTE_DESTINATION_YIELD_FOR_ALLY_ROUTE', NULL) ,
		('MARISA_EXTRA_CULTURE_FROM_ALLY', 'MODIFIER_PLAYER_ADJUST_TRADE_ROUTE_DESTINATION_YIELD_FOR_ALLY_ROUTE', NULL),
		('MARISA_EXTRA_GOLD_TO_ALLY', 'MODIFIER_PLAYER_ADJUST_TRADE_ROUTE_DESTINATION_YIELD_FOR_ALLY_ROUTE', NULL) ,
		('MARISA_EXTRA_GOLD_FROM_ALLY', 'MODIFIER_PLAYER_ADJUST_TRADE_ROUTE_DESTINATION_YIELD_FOR_ALLY_ROUTE', NULL),

		('MARISA_TRADEROUTE_GOLD' , 'MODIFIER_PLAYER_ADJUST_TRADE_ROUTE_YIELD_FOR_INTERNATIONAL', NULL),
		('SHINKI_GOD_OF_SKY', 'MODIFIER_PLAYER_CITIES_ATTACH_MODIFIER', NULL),
		('SHINKI_GOD_OF_EARTH', 'MODIFIER_PLAYER_CITIES_ATTACH_MODIFIER', NULL),
		('SHINKI_GOD_OF_SEA', 'MODIFIER_PLAYER_CITIES_ATTACH_MODIFIER', NULL),
		
		('SHINKI_CITIZEN_FAITH', 'MODIFIER_PLAYER_CITIES_ADJUST_CITY_YIELD_PER_POPULATION', NULL),
		-- 先试试，如果不行再加上attach_modifier来获得相应产出
		('SHINKI_RELIGIOUS_BELIEF_FAITH_MODIFIER', 'MODIFIER_ALICE_RELIGION_ADD_RELIGIOUS_BELIEF_YIELD', 'PLAYER_FOUNDED_RELIGION_REQUIREMENTS'),
		('SHINKI_RELIGIOUS_BELIEF_GOLD_MODIFIER', 'MODIFIER_ALICE_RELIGION_ADD_RELIGIOUS_BELIEF_YIELD', 'PLAYER_FOUNDED_RELIGION_REQUIREMENTS');


INSERT INTO ModifierArguments
		(ModifierId, Name, Value)
VALUES	('SPY_CHOOSE_SKILL', 'UnitType', 'UNIT_SPY'),
		-- ('MARISA_ADD_TRADE_ROUTE_CAPACITY', 'ModifierId', 'MARISA_ADD_TRADE_ROUTE_CAPACITY_MODIFIER') ,
		-- ('MARISA_ADD_TRADE_ROUTE_CAPACITY_MODIFIER', 'Amount', 1) ,
		-- ('MARISA_GRANT_TRADER', 'ModifierId', 'MARISA_GRANT_TRADER_MODIFIER') ,
		-- ('MARISA_GRANT_TRADER_MODIFIER', 'UnitType', 'UNIT_TRADER') ,
		-- ('MARISA_GRANT_TRADER_MODIFIER', 'Amount', 1),
		('MARISA_ADD_TRADE_ROUTE_CAPACITY', 'Amount', 1) ,
		('MARISA_GRANT_TRADER', 'UnitType', 'UNIT_TRADER') ,
		('MARISA_GRANT_TRADER', 'Amount', 1),
		-- 大盗魔理沙
		('SPY_MARISA_GREAT_WORK_HEIST', 'PromotionType', 'PROMOTION_SPY_CON_ARTIST') ,
		('SPY_MARISA_RUN_FAST', 'PromotionType', 'PROMOTION_SPY_ACE_DRIVER') ,

		('MARISA_FOOD_TO_INCOMING_FOREIGN_ROUTES', 'YieldType', 'YIELD_FOOD') ,
		('MARISA_FOOD_TO_INCOMING_FOREIGN_ROUTES', 'Amount', 2),
		('MARISA_FOOD_FROM_INCOMING_FOREIGN_ROUTES', 'YieldType', 'YIELD_FOOD') ,
		('MARISA_FOOD_FROM_INCOMING_FOREIGN_ROUTES', 'Amount', 2),
		('MARISA_PRODUCTION_TO_INCOMING_FOREIGN_ROUTES', 'YieldType', 'YIELD_PRODUCTION') ,
		('MARISA_PRODUCTION_TO_INCOMING_FOREIGN_ROUTES', 'Amount', 2),
		('MARISA_PRODUCTION_FROM_INCOMING_FOREIGN_ROUTES', 'YieldType', 'YIELD_PRODUCTION') ,
		('MARISA_PRODUCTION_FROM_INCOMING_FOREIGN_ROUTES', 'Amount', 2),
		('MARISA_CULTURE_TO_INCOMING_FOREIGN_ROUTES', 'YieldType', 'YIELD_CULTURE') ,
		('MARISA_CULTURE_TO_INCOMING_FOREIGN_ROUTES', 'Amount', 2),
		('MARISA_CULTURE_FROM_INCOMING_FOREIGN_ROUTES', 'YieldType', 'YIELD_CULTURE') ,
		('MARISA_CULTURE_FROM_INCOMING_FOREIGN_ROUTES', 'Amount', 2),
		('MARISA_GOLD_TO_INCOMING_FOREIGN_ROUTES', 'YieldType', 'YIELD_GOLD') ,
		('MARISA_GOLD_TO_INCOMING_FOREIGN_ROUTES', 'Amount', 5),
		('MARISA_GOLD_FROM_INCOMING_FOREIGN_ROUTES', 'YieldType', 'YIELD_GOLD') ,
		('MARISA_GOLD_FROM_INCOMING_FOREIGN_ROUTES', 'Amount', 5),

		('MARISA_EXTRA_FOOD_TO_ALLY', 'YieldType', 'YIELD_FOOD') ,
		('MARISA_EXTRA_FOOD_TO_ALLY', 'Amount', 2),
		('MARISA_EXTRA_FOOD_FROM_ALLY', 'YieldType', 'YIELD_FOOD') ,
		('MARISA_EXTRA_FOOD_FROM_ALLY', 'Amount', 2),
		('MARISA_EXTRA_PRODUCTION_TO_ALLY', 'YieldType', 'YIELD_PRODUCTION') ,
		('MARISA_EXTRA_PRODUCTION_TO_ALLY', 'Amount', 2),
		('MARISA_EXTRA_PRODUCTION_FROM_ALLY', 'YieldType', 'YIELD_PRODUCTION') ,
		('MARISA_EXTRA_PRODUCTION_FROM_ALLY', 'Amount', 2),
		('MARISA_EXTRA_CULTURE_TO_ALLY', 'YieldType', 'YIELD_CULTURE') ,
		('MARISA_EXTRA_CULTURE_TO_ALLY', 'Amount', 2),
		('MARISA_EXTRA_CULTURE_FROM_ALLY', 'YieldType', 'YIELD_CULTURE') ,
		('MARISA_EXTRA_CULTURE_FROM_ALLY', 'Amount', 2),
		('MARISA_EXTRA_GOLD_TO_ALLY', 'YieldType', 'YIELD_GOLD') ,
		('MARISA_EXTRA_GOLD_TO_ALLY', 'Amount', 5),
		('MARISA_EXTRA_GOLD_FROM_ALLY', 'YieldType', 'YIELD_GOLD') ,
		('MARISA_EXTRA_GOLD_FROM_ALLY', 'Amount', 5),
		('MARISA_TRADEROUTE_GOLD', 'YieldType', 'YIELD_GOLD') ,
		('MARISA_TRADEROUTE_GOLD', 'Amount', 5),
		

		('SHINKI_GOD_OF_SKY', 'ModifierId', 'GOD_OF_THE_OPEN_SKY_PASTURE_CULTURE_MODIFIER'),
		('SHINKI_GOD_OF_EARTH', 'ModifierId', 'EARTH_GODDESS_APPEAL_FAITH_MODIFIER'),
		('SHINKI_GOD_OF_SEA', 'ModifierId', 'GOD_OF_THE_SEA_FISHINGBOATS_PRODUCTION_MODIFIER'),

		('SHINKI_CITIZEN_FAITH', 'YieldType', 'YIELD_FAITH') ,
		('SHINKI_CITIZEN_FAITH', 'Amount', 0.5),
		('SHINKI_RELIGIOUS_BELIEF_FAITH_MODIFIER', 'BeliefYieldType', 'BELIEF_YIELD_PER_FOLLOWER') ,
		('SHINKI_RELIGIOUS_BELIEF_FAITH_MODIFIER', 'YieldType', 'YIELD_FAITH'),
		('SHINKI_RELIGIOUS_BELIEF_FAITH_MODIFIER', 'Amount', 1) ,
		('SHINKI_RELIGIOUS_BELIEF_FAITH_MODIFIER', 'PerXItems', 1),
		('SHINKI_RELIGIOUS_BELIEF_GOLD_MODIFIER', 'BeliefYieldType', 'BELIEF_YIELD_PER_FOLLOWER') ,
		('SHINKI_RELIGIOUS_BELIEF_GOLD_MODIFIER', 'YieldType', 'YIELD_GOLD'),
		('SHINKI_RELIGIOUS_BELIEF_GOLD_MODIFIER', 'Amount', 1) ,
		('SHINKI_RELIGIOUS_BELIEF_GOLD_MODIFIER', 'PerXItems', 1);


INSERT INTO UnitPromotionModifiers 
		(UnitPromotionType, ModifierId)
VALUES	('PROMOTION_MARISA_L1L', 'GUNBOATDIPLOMACY_OPENBORDERS') ,
		('PROMOTION_MARISA_L1L', 'GUNBOATDIPLOMACY_INFLUENCEPOINTS') ,
		('PROMOTION_MARISA_L2L', 'UNIQUE_LEADER_ADD_VISIBILITY') ,
		-- 每次升级外交时，获得一条免费的商路和贸易路线
		('PROMOTION_MARISA_L2L', 'MARISA_ADD_TRADE_ROUTE_CAPACITY') ,
		('PROMOTION_MARISA_L2L', 'MARISA_GRANT_TRADER') ,
		('PROMOTION_MARISA_L3L', 'POTALA_PALACE_DIPLOMATIC_GOVERNMENT_SLOT') ,
		('PROMOTION_MARISA_L3L', 'MARISA_ADD_TRADE_ROUTE_CAPACITY') ,
		('PROMOTION_MARISA_L3L', 'MARISA_GRANT_TRADER') ,
		-- 暂时改为史诗任务
		('PROMOTION_MARISA_L1R', 'TRAIT_BARBARIAN_CAMP_GOODY') ,
		-- ('PROMOTION_MARISA_L1R', 'UNIQUE_LEADER_ADD_SPY_CAPACITY') ,
		-- ('PROMOTION_MARISA_L1R', 'SPY_QUARTERMASTER') ,
		('PROMOTION_MARISA_L2R', 'UNIQUE_LEADER_SPIES_START_PROMOTED') ,
		('PROMOTION_MARISA_L2R', 'SPY_CHOOSE_SKILL') ,
		-- 暂时先将效果改为附赠一个间谍并提高一个间谍容量
		-- ('PROMOTION_MARISA_L3R', 'UNIQUE_LEADER_ADD_SPY_CAPACITY') ,
		-- ('PROMOTION_MARISA_L3R', 'UNIQUE_LEADER_ADD_SPY_UNIT') ,
		-- ('PROMOTION_MARISA_L3R', 'SPY_MARISA') ,
		('PROMOTION_MARISA_L3R', 'SPY_MARISA_GREAT_WORK_HEIST') ,
		('PROMOTION_MARISA_L3R', 'SPY_MARISA_RUN_FAST') ,
		-- 暂时先将效果改为从同盟时获得贸易路线，同时双方获得更多贸易加成(Arsenal of Democracy)
		-- 所有国内商路+2食物，+2产能，所有国外商路+2文化，+2科技，+5金币(FODD是官方笔误，不是我打错了)
		('PROMOTION_MARISA_L4', 'ISOLATIONISM_DOMESTIC_TRADE_ROUTE_FODD') ,
		('PROMOTION_MARISA_L4', 'ISOLATIONISM_DOMESTIC_TRADE_ROUTE_PRODUCTION') ,
		('PROMOTION_MARISA_L4', 'MARKETECONOMY_TRADEROUTECULTURE') ,
		('PROMOTION_MARISA_L4', 'MARKETECONOMY_TRADEROUTESCIENCE') ,
		('PROMOTION_MARISA_L4', 'MARISA_TRADEROUTE_GOLD') ,
		-- ('PROMOTION_MARISA_L4', 'MARISA_FOOD_TO_INCOMING_FOREIGN_ROUTES') ,
		-- ('PROMOTION_MARISA_L4', 'MARISA_FOOD_FROM_INCOMING_FOREIGN_ROUTES') ,
		-- ('PROMOTION_MARISA_L4', 'MARISA_PRODUCTION_TO_INCOMING_FOREIGN_ROUTES') ,
		-- ('PROMOTION_MARISA_L4', 'MARISA_PRODUCTION_FROM_INCOMING_FOREIGN_ROUTES') ,
		-- ('PROMOTION_MARISA_L4', 'MARISA_CULTURE_TO_INCOMING_FOREIGN_ROUTES') ,
		-- ('PROMOTION_MARISA_L4', 'MARISA_CULTURE_FROM_INCOMING_FOREIGN_ROUTES') ,
		-- ('PROMOTION_MARISA_L4', 'MARISA_GOLD_TO_INCOMING_FOREIGN_ROUTES') ,
		-- ('PROMOTION_MARISA_L4', 'MARISA_GOLD_FROM_INCOMING_FOREIGN_ROUTES') ,
		-- ('PROMOTION_MARISA_L4', 'MARISA_EXTRA_FOOD_TO_ALLY') ,
		-- ('PROMOTION_MARISA_L4', 'MARISA_EXTRA_FOOD_FROM_ALLY') ,
		-- ('PROMOTION_MARISA_L4', 'MARISA_EXTRA_PRODUCTION_TO_ALLY') ,
		-- ('PROMOTION_MARISA_L4', 'MARISA_EXTRA_PRODUCTION_FROM_ALLY') ,
		-- ('PROMOTION_MARISA_L4', 'MARISA_EXTRA_CULTURE_TO_ALLY') ,
		-- ('PROMOTION_MARISA_L4', 'MARISA_EXTRA_CULTURE_FROM_ALLY') ,
		-- ('PROMOTION_MARISA_L4', 'MARISA_EXTRA_GOLD_TO_ALLY') ,
		-- ('PROMOTION_MARISA_L4', 'MARISA_EXTRA_GOLD_FROM_ALLY') ,
		-- ('PROMOTION_MARISA_L4', 'MARISA_ADD_TRADE_ROUTE_CAPACITY') ,
		-- ('PROMOTION_MARISA_L4', 'MARISA_GRANT_TRADER') ,
		('PROMOTION_MARISA_L4', 'ARSENALOFDEMOCRACY_ALLIANCEPOINTS') ;


-- Shinki
-- Can see any thing
CREATE TABLE IF NOT EXISTS HiddenStrategics AS 
	SELECT ResourceType FROM Resources 
	WHERE ResourceClassType="RESOURCECLASS_STRATEGIC" AND PrereqTech IS NOT NULL ;


INSERT INTO Modifiers 
	(ModifierId, 	ModifierType, 	RunOnce, Permanent, OwnerRequirementSetId, SubjectRequirementSetId)
SELECT	'ALICE_PLAYER_CAN_SEE' || HiddenStrategics.ResourceType, 	'MODIFIER_PLAYER_GRANT_FREE_RESOURCE_VISIBILITY', 1, 1, NULL, NULL
	FROM HiddenStrategics;


INSERT INTO ModifierArguments
	(ModifierId, Name, Value)
SELECT 'ALICE_PLAYER_CAN_SEE' || HiddenStrategics.ResourceType, 'ResourceType', HiddenStrategics.ResourceType	
	FROM HiddenStrategics;

INSERT INTO UnitPromotionModifiers
	(UnitPromotionType, ModifierId)
SELECT 'PROMOTION_SHINKI_L1', 'ALICE_PLAYER_CAN_SEE' || HiddenStrategics.ResourceType
	FROM HiddenStrategics;


-- Can build any improvement
INSERT INTO Modifiers 
		(ModifierId, ModifierType, RunOnce, Permanent, OwnerRequirementSetId, SubjectRequirementSetId)
SELECT 'ALICE_PLAYER_CAN_BUILD_' || ImprovementType, 'MODIFIER_PLAYER_ADJUST_VALID_IMPROVEMENT', 0, 0, NULL, NULL
FROM Improvements WHERE Buildable = 1;

INSERT INTO ModifierArguments
		(ModifierId, Name, Value)
SELECT 'ALICE_PLAYER_CAN_BUILD_' || ImprovementType, 'ImprovementType', ImprovementType
FROM Improvements WHERE Buildable = 1;

INSERT INTO UnitPromotionModifiers
		(UnitPromotionType, ModifierId)
SELECT 'PROMOTION_SHINKI_L4', 'ALICE_PLAYER_CAN_BUILD_' || ImprovementType
FROM Improvements WHERE Buildable = 1;



-- Some wonder stronger
INSERT INTO UnitPromotionModifiers
	(UnitPromotionType, ModifierId)
VALUES	('PROMOTION_SHINKI_L2', 'SHINKI_GOD_OF_SKY') ,
	('PROMOTION_SHINKI_L2', 'SHINKI_GOD_OF_EARTH') ,
	('PROMOTION_SHINKI_L2', 'SHINKI_GOD_OF_SEA') ,
	('PROMOTION_SHINKI_L3', 'SHINKI_CITIZEN_FAITH') ,
	('PROMOTION_SHINKI_L3', 'SHINKI_RELIGIOUS_BELIEF_FAITH_MODIFIER') ,
	('PROMOTION_SHINKI_L3', 'SHINKI_RELIGIOUS_BELIEF_GOLD_MODIFIER') ;

-- Text
INSERT INTO ModifierStrings
	(ModifierId, Context, Text)
VALUES	('TRAIT_SHANGHAI_VS_MELEE_BONUS_MODIFIER', 'Preview', 'LOC_SHANGHAI_VS_MELEE_BONUS') ,
	('TRAIT_DOLL_NEIGHBOR_COMBAT_MODIFIER', 'Preview', 'LOC_DOLL_NEIGHBOR_COMBAT_BONUS') ,
	('SHANGHAI_BONUS_IN_FOREST', 'Preview', 'LOC_SHANGHAI_IN_FOREST_BONUS') ,
	('SHANGHAI_BONUS_IN_RAIN_FOREST', 'Preview', 'LOC_SHANGHAI_IN_RAIN_FOREST_BONUS') ,
	('TRAIT_FOREST_CENTER_ADJACENCY', 'Preview', 'LOC_FOREST_CENTER_ADJACENCY_BONUS') ,
	('SHANGHAI_KILL_MACHINE', 'Preview', 'LOC_SHANGHAI_KILL_MACHINE_BONUS') ,
	('SHANGHAI_LV_UP_BONUS', 'Preview', 'LOC_SHANGHAI_LV_UP_BONUS') ,
	('SHINKI_CITIZEN_FAITH', 'Preview', 'LOC_SHINKI_CITIZEN_FAITH_BONUS') ,
	('SHINKI_RELIGIOUS_BELIEF_FAITH_MODIFIER', 'Preview', 'LOC_SHINKI_RELIGIOUS_BELIEF_FAITH_BONUS') ,
	('SHINKI_RELIGIOUS_BELIEF_GOLD_MODIFIER', 'Preview', 'LOC_SHINKI_RELIGIOUS_BELIEF_GOLD_BONUS') ,
	('TRAIT_RAINFOREST_CENTER_ADJACENCY', 'Preview', 'LOC_RAINFOREST_CENTER_ADJACENCY_BONUS') ;

-- 测试用代码
-- UPDATE Building_YieldChanges 
-- SET YieldChange = 50
-- WHERE BuildingType = 'BUILDING_PALACE';