-- Leader Alice
-- INSERT INTO Types
-- 		(Type, Kind)
-- VALUES	('MODIFIER_ALICE_PLAYER_UNIT_CORPS_ARMY_MODIFIED_STRENGTH','KIND_MODIFIER');

-- INSERT INTO DynamicModifiers
-- 		(ModifierType, CollectionType, EffectType)
-- VALUES	('MODIFIER_ALICE_PLAYER_UNIT_CORPS_ARMY_MODIFIED_STRENGTH','KIND_MODIFIER');

INSERT INTO Modifiers 
		(ModifierId, ModifierType, SubjectRequirementSetId)
VALUES	('TRAIT_DOLL_WONDER_PERCENT', 'MODIFIER_PLAYER_ADJUST_UNIT_WONDER_PERCENT', NULL) ,
		('TRAIT_DOLL_DISTRICT_PERCENT', 'MODIFIER_PLAYER_ADJUST_UNIT_DISTRICT_PERCENT', NULL) ,
		('TRAIT_DOLL_CORPS_EARLY', 'MODIFIER_PLAYER_CORPS_ARMY_PREREQ', NULL) ,
		('TRAIT_DOLL_ARMIES_EARLY', 'MODIFIER_PLAYER_CORPS_ARMY_PREREQ', NULL) ;
 
INSERT INTO ModifierArguments
		(ModifierId, Name, Value)
VALUES	('TRAIT_DOLL_WONDER_PERCENT', 'Amount', 5),
		('TRAIT_DOLL_DISTRICT_PERCENT', 'Amount', 5) ,
		('TRAIT_DOLL_CORPS_EARLY', 'Corps', 1),
		('TRAIT_DOLL_CORPS_EARLY', 'Domain', 'DOMAIN_LAND'),
		('TRAIT_DOLL_CORPS_EARLY', 'CivicType', 'CIVIC_MILITARY_TRAINING'),
		('TRAIT_DOLL_ARMIES_EARLY', 'Corps', 0),
		('TRAIT_DOLL_ARMIES_EARLY', 'Domain', 'DOMAIN_LAND'),
		('TRAIT_DOLL_ARMIES_EARLY', 'CivicType', 'CIVIC_NATIONALISM');
					
INSERT INTO TraitModifiers
		(TraitType, ModifierId)
VALUES	('TRAIT_LEADER_DOLL_MASTER',	'TRAIT_DOLL_WONDER_PERCENT') ,
		('TRAIT_LEADER_DOLL_MASTER',	'TRAIT_DOLL_DISTRICT_PERCENT') ;

-- Unit SHANGHAI/PENGLAI
INSERT INTO Modifiers 
		(ModifierId, ModifierType, SubjectRequirementSetId)
VALUES	('TRAIT_SHANGHAI_CORPS_STRENGTH', 'MODIFIER_PLAYER_CORPS_ARMY_MODIFIED_STRENGTH', NULL) ,
		('TRAIT_SHANGHAI_ARMIES_STRENGTH', 'MODIFIER_PLAYER_CORPS_ARMY_MODIFIED_STRENGTH', NULL) ,
		('TRAIT_PENGLAI_CORPS_STRENGTH', 'MODIFIER_PLAYER_CORPS_ARMY_MODIFIED_STRENGTH', NULL) ,
		('TRAIT_PENGLAI_ARMIES_STRENGTH', 'MODIFIER_PLAYER_CORPS_ARMY_MODIFIED_STRENGTH', NULL) ;
 
INSERT INTO ModifierArguments
		(ModifierId, Name, Value)
VALUES	('TRAIT_SHANGHAI_CORPS_STRENGTH', 'Corps', 1),
		('TRAIT_SHANGHAI_CORPS_STRENGTH', 'Domain', 'DOMAIN_LAND'),
		('TRAIT_SHANGHAI_CORPS_STRENGTH', 'Amount', 15),
		('TRAIT_SHANGHAI_ARMIES_STRENGTH', 'Corps', 1),
		('TRAIT_SHANGHAI_ARMIES_STRENGTH', 'Domain', 'DOMAIN_LAND'),
		('TRAIT_SHANGHAI_ARMIES_STRENGTH', 'Amount', 33),
		('TRAIT_PENGLAI_CORPS_STRENGTH', 'Corps', 1),
		('TRAIT_PENGLAI_CORPS_STRENGTH', 'Domain', 'DOMAIN_LAND'),
		('TRAIT_PENGLAI_CORPS_STRENGTH', 'Amount', 5),
		('TRAIT_PENGLAI_ARMIES_STRENGTH', 'Corps', 1),
		('TRAIT_PENGLAI_ARMIES_STRENGTH', 'Domain', 'DOMAIN_LAND'),
		('TRAIT_PENGLAI_ARMIES_STRENGTH', 'Amount', 13);


INSERT INTO UnitAbilityModifiers
		(UnitAbilityType, ModifierId)
VALUES	('ABILITY_SHANGHAI', 'TRAIT_SHANGHAI_CORPS_STRENGTH'),
('ABILITY_SHANGHAI', 'TRAIT_SHANGHAI_ARMIES_STRENGTH'),
('ABILITY_PENGLAI', 'TRAIT_PENGLAI_CORPS_STRENGTH'),
('ABILITY_PENGLAI', 'TRAIT_PENGLAI_ARMIES_STRENGTH');

					
-- Distric DOLL_HOME
INSERT INTO Requirements
	(RequirementId, RequirementType)
VALUES	('REQ_POT_ADJ_DOLL_HOME', 'REQUIREMENT_PLOT_ADJACENT_DISTRICT_TYPE_MATCHES') ,
		('REQ_POT_ADJ_DOLL_HOME_TIER2', 'REQUIREMENT_PLOT_ADJACENT_DISTRICT_TYPE_MATCHES') ,
		('REQ_POT_ADJ_DOLL_HOME_TIER3', 'REQUIREMENT_PLOT_ADJACENT_DISTRICT_TYPE_MATCHES') ;


INSERT INTO RequirementArguments 
	(RequirementId, Name, Value)
VALUES ('REQ_POT_ADJ_DOLL_HOME',	'DistrictType',	'DISTRICT_GOVERNMENTDOLL_HOME') ,
		('REQ_POT_ADJ_DOLL_HOME',	'MaxRange', '1') ,
		('REQ_POT_ADJ_DOLL_HOME',	'MinRange', '0') ,
		
		('REQ_POT_ADJ_DOLL_HOME_TIER2',	'DistrictType',	'DISTRICT_GOVERNMENTDOLL_HOME') ,
		('REQ_POT_ADJ_DOLL_HOME_TIER2',	'MaxRange', '2') ,
		('REQ_POT_ADJ_DOLL_HOME_TIER2',	'MinRange', '1') ,	 
		
		('REQ_POT_ADJ_DOLL_HOME_TIER3',	'DistrictType',	'DISTRICT_GOVERNMENTDOLL_HOME') ,
		('REQ_POT_ADJ_DOLL_HOME_TIER3',	'MaxRange', '3') ,
		('REQ_POT_ADJ_DOLL_HOME_TIER3',	'MinRange', '2') ;
		


INSERT INTO RequirementSets 
	(RequirementSetId, RequirementSetType)
VALUES ('REQSET_POT_ADJ_DOLL_HOME', 'REQUIREMENTSET_TEST_ALL') ,

		('REQSET_POT_ADJ_DOLL_HOME_TIER2', 'REQUIREMENTSET_TEST_ALL') ,
		('REQSET_POT_ADJ_DOLL_HOME_TIER2_ERA', 'REQUIREMENTSET_TEST_ANY') ,
		
		('REQSET_POT_ADJ_DOLL_HOME_TIER3', 'REQUIREMENTSET_TEST_ALL') ,
		('REQSET_POT_ADJ_DOLL_HOME_TIER3_ERA', 'REQUIREMENTSET_TEST_ANY') ;

		
INSERT INTO RequirementSetRequirements
	(RequirementSetId,	RequirementId)
VALUES	('REQSET_POT_ADJ_DOLL_HOME', 'REQ_POT_ADJ_DOLL_HOME') ,

		('REQSET_POT_ADJ_DOLL_HOME_TIER2', 'REQ_POT_ADJ_DOLL_HOME_TIER2') ,
		('REQSET_POT_ADJ_DOLL_HOME_TIER2_ERA', 'PLAYER_HAS_GOV_BUILDING_CITYSTATES_REQUIREMENT') ,
		('REQSET_POT_ADJ_DOLL_HOME_TIER2_ERA', 'PLAYER_HAS_GOV_BUILDING_FAITH_REQUIREMENT') ,
		('REQSET_POT_ADJ_DOLL_HOME_TIER2_ERA', 'PLAYER_HAS_GOV_BUILDING_SPIES_REQUIREMENT') ,
		
		('REQSET_POT_ADJ_DOLL_HOME_TIER3', 'REQ_POT_ADJ_DOLL_HOME_TIER3') ,
		('REQSET_POT_ADJ_DOLL_HOME_TIER3_ERA', 'PLAYER_HAS_GOV_BUILDING_MILITARY_REQUIREMENT') ,
		('REQSET_POT_ADJ_DOLL_HOME_TIER3_ERA', 'PLAYER_HAS_GOV_BUILDING_SCIENCE_REQUIREMENT') ,
		('REQSET_POT_ADJ_DOLL_HOME_TIER3_ERA', 'PLAYER_HAS_GOV_BUILDING_CULTURE_REQUIREMENT') ;
	

INSERT INTO Modifiers 
		(ModifierId, ModifierType, SubjectRequirementSetId)
VALUES	('DOLL_HOME_PROD', 'MODIFIER_CITY_PLOT_YIELDS_ADJUST_PLOT_YIELD', 'REQSET_POT_ADJ_DOLL_HOME') ,
		('DOLL_HOME_PROD_MODIFIER', 'MODIFIER_PLAYER_CITIES_ATTACH_MODIFIER', NULL) ,		

		('DOLL_HOME_PROD_TIER2', 'MODIFIER_CITY_PLOT_YIELDS_ADJUST_PLOT_YIELD', 'REQSET_POT_ADJ_DOLL_HOME_TIER2') ,
		('DOLL_HOME_PROD_TIER2_MODIFIER', 'MODIFIER_PLAYER_CITIES_ATTACH_MODIFIER', 'REQSET_POT_ADJ_DOLL_HOME_TIER2_ERA') ,

		('DOLL_HOME_PROD_TIER3', 'MODIFIER_CITY_PLOT_YIELDS_ADJUST_PLOT_YIELD', 'REQSET_POT_ADJ_DOLL_HOME_TIER3') ,
		('DOLL_HOME_PROD_TIER3_MODIFIER', 'MODIFIER_PLAYER_CITIES_ATTACH_MODIFIER', 'REQSET_POT_ADJ_DOLL_HOME_TIER3_ERA') ,

		('DOLL_HOME_BASIC_PRODUCTION', 'MODIFIER_PLAYER_DISTRICT_ADJUST_BASE_YIELD_CHANGE', NULL) ,
		('DOLL_HOME_BASIC_CULTURE', 'MODIFIER_PLAYER_DISTRICT_ADJUST_BASE_YIELD_CHANGE', NULL) ,
		('DOLL_HOME_BASIC_SCIENCE', 'MODIFIER_PLAYER_DISTRICT_ADJUST_BASE_YIELD_CHANGE', NULL) ;

		
 
INSERT INTO ModifierArguments
		(ModifierId, Name, Value)
VALUES	('DOLL_HOME_PROD', 'Amount', '1'),
		('DOLL_HOME_PROD', 'YieldType', 'YIELD_PRODUCTION') ,
		('DOLL_HOME_PROD_MODIFIER', 'ModifierId', 'DOLL_HOME_PROD')  ,
		
		('DOLL_HOME_PROD_TIER2', 'Amount',  '1'),
		('DOLL_HOME_PROD_TIER2', 'YieldType',  'YIELD_PRODUCTION') ,
		('DOLL_HOME_PROD_TIER2_MODIFIER', 'ModifierId',  'DOLL_HOME_PROD_TIER2')  ,		
		
		('DOLL_HOME_PROD_TIER3', 'Amount',  '1'),
		('DOLL_HOME_PROD_TIER3', 'YieldType',  'YIELD_PRODUCTION') ,
		('DOLL_HOME_PROD_TIER3_MODIFIER', 'ModifierId',  'DOLL_HOME_PROD_TIER3')  ,

		('DOLL_HOME_BASIC_PRODUCTION', 'Amount',  '2'),
		('DOLL_HOME_BASIC_PRODUCTION', 'YieldType',  'YIELD_PRODUCTION') ,
		('DOLL_HOME_BASIC_CULTURE', 'Amount',  '2'),
		('DOLL_HOME_BASIC_CULTURE', 'YieldType',  'YIELD_CULTURE') ,
		('DOLL_HOME_BASIC_SCIENCE', 'Amount',  '2'),
		('DOLL_HOME_BASIC_SCIENCE', 'YieldType',  'YIELD_SCIENCE') ;
		
			
INSERT INTO TraitModifiers
		(TraitType, ModifierId)
VALUES	('TRAIT_LEADER_DISTRICT_DOLL_HOME',	'DOLL_HOME_PROD') ,
		('TRAIT_LEADER_DISTRICT_DOLL_HOME',	'DOLL_HOME_PROD_TIER2') ,
		('TRAIT_LEADER_DISTRICT_DOLL_HOME',	'DOLL_HOME_PROD_TIER3') ;

INSERT INTO DistrictModifiers
		(DistrictType, ModifierId)
VALUES	('DISTRICT_DOLL_HOME',	'DOLL_HOME_BASIC_PRODUCTION') ,
		('DISTRICT_DOLL_HOME',	'DOLL_HOME_BASIC_CULTURE') ,
		('DISTRICT_DOLL_HOME',	'DOLL_HOME_BASIC_SCIENCE') ;