-- 自定义type
INSERT INTO Types 
		(Type, Kind)
VALUES	
		('MODIFIER_ALICE_CAPITAL_CITY_GRANT_UNIT_IN_CITY', 'KIND_MODIFIER');

INSERT INTO DynamicModifiers 
		(ModifierType, CollectionType, EffectType)
VALUES	
		('MODIFIER_ALICE_CAPITAL_CITY_GRANT_UNIT_IN_CITY', 'COLLECTION_PLAYER_CAPITAL_CITY','EFFECT_GRANT_UNIT_IN_CITY');

-- Unit SHANGHAI/PENGLAI
-- 蓬莱可以修改改造设施
INSERT INTO Improvement_ValidBuildUnits
		(ImprovementType, UnitType)
SELECT ImprovementType, 'UNIT_PENGLAI'
FROM Improvement_ValidBuildUnits WHERE UnitType = 'UNIT_BUILDER';

-- REQ
INSERT INTO RequirementSets 
		(RequirementSetId, RequirementSetType)
VALUES	
		('REQSET_UNIT_ADJ_DOLL', 'REQUIREMENTSET_TEST_ANY'),
		('REQSET_MELEE_OPPONENT', 'REQUIREMENTSET_TEST_ALL'),	
		('REQSET_UNIT_IS_SHANGHAI', 'REQUIREMENTSET_TEST_ALL'),
		('REQSET_UNIT_IS_PENGLAI', 'REQUIREMENTSET_TEST_ALL');

INSERT INTO Requirements 
		(RequirementId, RequirementType)
VALUES	
		('REQ_UNIT_ADJ_SHANGHAI', 'REQUIREMENT_PLOT_ADJACENT_FRIENDLY_UNIT_TYPE_MATCHES'), 
		('REQ_UNIT_ADJ_PENGLAI', 'REQUIREMENT_PLOT_ADJACENT_FRIENDLY_UNIT_TYPE_MATCHES'), 
		('REQ_MELEE_OPPONENT', 'REQUIREMENT_OPPONENT_UNIT_TAG_MATCHES'), 
		('REQ_UNIT_IS_SHANGHAI', 'REQUIREMENT_UNIT_TYPE_MATCHES'),
		('REQ_UNIT_IS_PENGLAI', 'REQUIREMENT_UNIT_TYPE_MATCHES');

INSERT INTO RequirementSetRequirements
		(RequirementSetId, RequirementId)
VALUES	
		('REQSET_UNIT_ADJ_DOLL', 'REQ_UNIT_ADJ_SHANGHAI'),
		('REQSET_UNIT_ADJ_DOLL', 'REQ_UNIT_ADJ_PENGLAI'),
		('REQSET_MELEE_OPPONENT', 'REQ_MELEE_OPPONENT'),
		('REQSET_UNIT_IS_SHANGHAI', 'REQ_UNIT_IS_SHANGHAI'),
		('REQSET_UNIT_IS_PENGLAI', 'REQ_UNIT_IS_PENGLAI');

INSERT INTO RequirementArguments
		(RequirementId, Name, Value)
VALUES	
		('REQ_UNIT_ADJ_SHANGHAI', 'UnitType', 'UNIT_PENGLAI'),
		('REQ_UNIT_ADJ_PENGLAI', 'UnitType', 'UNIT_SHANGHAI'),
		('REQ_MELEE_OPPONENT', 'Tag', 'CLASS_MELEE'),
		('REQ_UNIT_IS_SHANGHAI', 'UnitType', 'UNIT_SHANGHAI'),
		('REQ_UNIT_IS_PENGLAI', 'UnitType', 'UNIT_PENGLAI');

--  TEST MARISA
INSERT INTO Requirements
	(RequirementId, RequirementType)
VALUES	('REQ_UNIT_IS_TEST_MARISA', 'REQUIREMENT_UNIT_TYPE_MATCHES'),
	('REQ_UNIT_IS_RANGED', 'REQUIREMENT_UNIT_TAG_MATCHES');


INSERT INTO RequirementArguments 
	(RequirementId, Name, Value)
VALUES ('REQ_UNIT_IS_TEST_MARISA',	'UnitType',	'UNIT_TEST_MARISA'),
	('REQ_UNIT_IS_RANGED',	'Tag',	'CLASS_RANGED');
		

INSERT INTO RequirementSets 
	(RequirementSetId, RequirementSetType)
VALUES ('REQSET_UNIT_IS_TEST_MARISA', 'REQUIREMENTSET_TEST_ALL'),
	('REQSET_UNIT_IS_RANGED', 'REQUIREMENTSET_TEST_ALL') ;


		
INSERT INTO RequirementSetRequirements
	(RequirementSetId,	RequirementId)
VALUES	('REQSET_UNIT_IS_TEST_MARISA', 'REQ_UNIT_IS_TEST_MARISA'),
	('REQSET_UNIT_IS_RANGED', 'REQ_UNIT_IS_RANGED') ;


INSERT INTO Modifiers 
		(ModifierId, ModifierType, SubjectRequirementSetId)
VALUES	('TRAIT_DOLL_WONDER_PERCENT', 'MODIFIER_PLAYER_ADJUST_UNIT_WONDER_PERCENT', NULL) ,
		('TRAIT_DOLL_DISTRICT_PERCENT', 'MODIFIER_PLAYER_ADJUST_UNIT_DISTRICT_PERCENT', NULL) ,
		('TRAIT_SHANGHAI_VS_MELEE_BONUS_MODIFIER', 'MODIFIER_UNIT_ADJUST_COMBAT_STRENGTH', 'REQSET_MELEE_OPPONENT') ,
		('TRAIT_SHANGHAI_VS_MELEE_BONUS', 'MODIFIER_SINGLE_UNIT_ATTACH_MODIFIER', NULL) ,
		('TRAIT_DOLL_NEIGHBOR_COMBAT_MODIFIER', 'MODIFIER_UNIT_ADJUST_COMBAT_STRENGTH', NULL) ,
		('TRAIT_DOLL_NEIGHBOR_COMBAT', 'MODIFIER_SINGLE_UNIT_ATTACH_MODIFIER', 'REQSET_UNIT_ADJ_DOLL') ;

INSERT INTO ModifierArguments
		(ModifierId, Name, Value)
VALUES	('TRAIT_DOLL_WONDER_PERCENT', 'Amount', 5),
		('TRAIT_DOLL_DISTRICT_PERCENT', 'Amount', 5) ,
		('TRAIT_SHANGHAI_VS_MELEE_BONUS_MODIFIER', 'Amount', 10),
		('TRAIT_SHANGHAI_VS_MELEE_BONUS', 'ModifierId', 'TRAIT_SHANGHAI_VS_MELEE_BONUS_MODIFIER'),
		('TRAIT_DOLL_NEIGHBOR_COMBAT_MODIFIER', 'Amount', 10),
		('TRAIT_DOLL_NEIGHBOR_COMBAT', 'ModifierId', 'TRAIT_DOLL_NEIGHBOR_COMBAT_MODIFIER');


INSERT INTO UnitAbilityModifiers
		(UnitAbilityType, ModifierId)
VALUES	
		-- ('ABILITY_DOLL', 'TRAIT_DOLL_WONDER_PERCENT'),
		-- ('ABILITY_DOLL', 'TRAIT_DOLL_DISTRICT_PERCENT'),
		('ABILITY_SHANGHAI', 'TRAIT_SHANGHAI_VS_MELEE_BONUS'),
		('ABILITY_DOLL', 'TRAIT_DOLL_NEIGHBOR_COMBAT');


-- Leader Alice
INSERT INTO Modifiers 
		(ModifierId, ModifierType, SubjectRequirementSetId)
VALUES	('TRAIT_DOLL_CORPS_EARLY', 'MODIFIER_PLAYER_CORPS_ARMY_PREREQ', NULL) ,
		('TRAIT_DOLL_ARMIES_EARLY', 'MODIFIER_PLAYER_CORPS_ARMY_PREREQ', NULL),
		('TRAIT_LEADER_DOLL_MASTER_SEND_SHANGHAI', 'MODIFIER_ALICE_PLAYER_CITIES_GRANT_UNIT', NULL),
		('TRAIT_LEADER_DOLL_MASTER_SEND_PENGLAI', 'MODIFIER_ALICE_PLAYER_CITIES_GRANT_UNIT', NULL),
		('TRAIT_LEADER_DOLL_MASTER_SEND_TEST_MARISA', 'MODIFIER_ALICE_PLAYER_CITIES_GRANT_UNIT', NULL);

 
INSERT INTO ModifierArguments
		(ModifierId, Name, Value)
VALUES	('TRAIT_DOLL_CORPS_EARLY', 'Corps', 1),
		('TRAIT_DOLL_CORPS_EARLY', 'UnitType', 'UNIT_SHANGHAI'),
		-- 方便测试，暂改为军事传统后解锁
		('TRAIT_DOLL_CORPS_EARLY', 'CivicType', 'CIVIC_MERCENARIES'),
		('TRAIT_DOLL_ARMIES_EARLY', 'Corps', 0),
		('TRAIT_DOLL_ARMIES_EARLY', 'Domain', 'DOMAIN_LAND'),
		('TRAIT_DOLL_ARMIES_EARLY', 'CivicType', 'CIVIC_NATIONALISM'),
		('TRAIT_LEADER_DOLL_MASTER_SEND_SHANGHAI', 'UnitType', 'UNIT_SHANGHAI'),
		('TRAIT_LEADER_DOLL_MASTER_SEND_SHANGHAI', 'Amount', 1),
		('TRAIT_LEADER_DOLL_MASTER_SEND_PENGLAI', 'UnitType', 'UNIT_PENGLAI'),
		('TRAIT_LEADER_DOLL_MASTER_SEND_PENGLAI', 'Amount', 1),
		('TRAIT_LEADER_DOLL_MASTER_SEND_TEST_MARISA', 'UnitType', 'UNIT_TEST_MARISA'),
		('TRAIT_LEADER_DOLL_MASTER_SEND_TEST_MARISA', 'Amount', 1);					
INSERT INTO TraitModifiers
		(TraitType, ModifierId)
VALUES	('TRAIT_LEADER_DOLL_MASTER',	'TRAIT_DOLL_CORPS_EARLY') ,
		('TRAIT_LEADER_DOLL_MASTER',	'TRAIT_DOLL_ARMIES_EARLY'),
		('TRAIT_LEADER_DOLL_MASTER',	'TRAIT_LEADER_DOLL_MASTER_SEND_SHANGHAI'),
		('TRAIT_LEADER_DOLL_MASTER',	'TRAIT_LEADER_DOLL_MASTER_SEND_PENGLAI');
		-- ('TRAIT_LEADER_DOLL_MASTER',	'TRAIT_LEADER_DOLL_MASTER_SEND_TEST_MARISA'),

-- Civ
INSERT INTO Modifiers 
		(ModifierId, ModifierType, SubjectRequirementSetId)
VALUES	('TRAIT_RAINFOREST_CENTER_ADJACENCY', 'TRAIT_RAINFOREST_CENTER_ADJACENCY', NULL) ,
		('TRAIT_FOREST_CENTER_ADJACENCY', 'TRAIT_RAINFOREST_CENTER_ADJACENCY', NULL),
		('TRAIT_ALICE_CAN_SEE_MASHROOM', 'MODIFIER_PLAYER_GRANT_FREE_RESOURCE_VISIBILITY', NULL);


 
INSERT INTO ModifierArguments
		(ModifierId, Name, Value)
VALUES	('TRAIT_RAINFOREST_CENTER_ADJACENCY', 'DistrictType', 'DISTRICT_CITY_CENTER'),
		('TRAIT_RAINFOREST_CENTER_ADJACENCY', 'FeatureType', 'FEATURE_JUNGLE'),
		('TRAIT_RAINFOREST_CENTER_ADJACENCY', 'YieldType', 'YIELD_FOOD'),
		('TRAIT_RAINFOREST_CENTER_ADJACENCY', 'Amount', 1),
		('TRAIT_RAINFOREST_CENTER_ADJACENCY', 'Description', 'LOC_DISTRICT_JUNGLE_1_FOOD'),
		('TRAIT_FOREST_CENTER_ADJACENCY', 'DistrictType', 'DISTRICT_CITY_CENTER'),
		('TRAIT_FOREST_CENTER_ADJACENCY', 'FeatureType', 'FEATURE_FOREST'),
		('TRAIT_FOREST_CENTER_ADJACENCY', 'YieldType', 'YIELD_PRODUCTION'),
		('TRAIT_FOREST_CENTER_ADJACENCY', 'Amount', 1),
		('TRAIT_FOREST_CENTER_ADJACENCY', 'Description', 'LOC_DISTRICT_FOREST_1_PRODUCTION'),
		('TRAIT_ALICE_CAN_SEE_MASHROOM', 'ResourceType', 'RESOURCE_MAGIC_MASHROOM');

					
INSERT INTO TraitModifiers
		(TraitType, ModifierId)
VALUES	('TRAIT_MAGIC_POWER',	'TRAIT_RAINFOREST_CENTER_ADJACENCY') ,
		('TRAIT_MAGIC_POWER',	'TRAIT_FOREST_CENTER_ADJACENCY'),
		('TRAIT_MAGIC_POWER',	'TRAIT_ALICE_CAN_SEE_MASHROOM');


-- Distric DOLL_HOME
INSERT INTO Requirements
	(RequirementId, RequirementType)
VALUES	('REQ_POT_ADJ_DOLL_HOME', 'REQUIREMENT_PLOT_ADJACENT_DISTRICT_TYPE_MATCHES') ,
		('REQ_POT_ADJ_DOLL_HOME_TIER2', 'REQUIREMENT_PLOT_ADJACENT_DISTRICT_TYPE_MATCHES') ,
		('REQ_POT_ADJ_DOLL_HOME_TIER3', 'REQUIREMENT_PLOT_ADJACENT_DISTRICT_TYPE_MATCHES') ;


INSERT INTO RequirementArguments 
	(RequirementId, Name, Value)
VALUES ('REQ_POT_ADJ_DOLL_HOME',	'DistrictType',	'DISTRICT_DOLL_HOME') ,
		('REQ_POT_ADJ_DOLL_HOME',	'MaxRange', '1') ,
		('REQ_POT_ADJ_DOLL_HOME',	'MinRange', '0') ,
		
		('REQ_POT_ADJ_DOLL_HOME_TIER2',	'DistrictType',	'DISTRICT_DOLL_HOME') ,
		('REQ_POT_ADJ_DOLL_HOME_TIER2',	'MaxRange', '2') ,
		('REQ_POT_ADJ_DOLL_HOME_TIER2',	'MinRange', '1') ,	 
		
		('REQ_POT_ADJ_DOLL_HOME_TIER3',	'DistrictType',	'DISTRICT_DOLL_HOME') ,
		('REQ_POT_ADJ_DOLL_HOME_TIER3',	'MaxRange', '3') ,
		('REQ_POT_ADJ_DOLL_HOME_TIER3',	'MinRange', '2') ;
		

INSERT INTO RequirementSets 
	(RequirementSetId, RequirementSetType)

VALUES ('REQSET_POT_ADJ_DOLL_HOME', 'REQUIREMENTSET_TEST_ALL') ,

		('REQSET_POT_ADJ_DOLL_HOME_TIER2', 'REQUIREMENTSET_TEST_ALL') ,
		('REQSET_POT_ADJ_DOLL_HOME_TIER2_ERA', 'REQUIREMENTSET_TEST_ANY') ,
		
		('REQSET_POT_ADJ_DOLL_HOME_TIER3', 'REQUIREMENTSET_TEST_ALL') ,
		('REQSET_POT_ADJ_DOLL_HOME_TIER3_ERA', 'REQUIREMENTSET_TEST_ANY') ;

		
INSERT INTO RequirementSetRequirements
	(RequirementSetId,	RequirementId)

VALUES	('REQSET_POT_ADJ_DOLL_HOME', 'REQ_POT_ADJ_DOLL_HOME') ,
		('REQSET_POT_ADJ_DOLL_HOME_TIER2', 'REQ_POT_ADJ_DOLL_HOME_TIER2') ,
		('REQSET_POT_ADJ_DOLL_HOME_TIER2_ERA', 'PLAYER_HAS_GOV_BUILDING_CITYSTATES_REQUIREMENT') ,
		('REQSET_POT_ADJ_DOLL_HOME_TIER2_ERA', 'PLAYER_HAS_GOV_BUILDING_FAITH_REQUIREMENT') ,
		('REQSET_POT_ADJ_DOLL_HOME_TIER2_ERA', 'PLAYER_HAS_GOV_BUILDING_SPIES_REQUIREMENT') ,
		
		('REQSET_POT_ADJ_DOLL_HOME_TIER3', 'REQ_POT_ADJ_DOLL_HOME_TIER3') ,
		('REQSET_POT_ADJ_DOLL_HOME_TIER3_ERA', 'PLAYER_HAS_GOV_BUILDING_MILITARY_REQUIREMENT') ,
		('REQSET_POT_ADJ_DOLL_HOME_TIER3_ERA', 'PLAYER_HAS_GOV_BUILDING_SCIENCE_REQUIREMENT') ,
		('REQSET_POT_ADJ_DOLL_HOME_TIER3_ERA', 'PLAYER_HAS_GOV_BUILDING_CULTURE_REQUIREMENT') ;
	

INSERT INTO Modifiers 
		(ModifierId, ModifierType, SubjectRequirementSetId)
VALUES	
		('DOLL_HOME_PROD_MODIFIER', 'MODIFIER_CITY_PLOT_YIELDS_ADJUST_PLOT_YIELD', 'REQSET_POT_ADJ_DOLL_HOME') ,
		('DOLL_HOME_PROD', 'MODIFIER_PLAYER_CITIES_ATTACH_MODIFIER', NULL) ,		

		('DOLL_HOME_PROD_TIER2_MODIFIER', 'MODIFIER_CITY_PLOT_YIELDS_ADJUST_PLOT_YIELD', 'REQSET_POT_ADJ_DOLL_HOME_TIER2') ,
		('DOLL_HOME_PROD_TIER2', 'MODIFIER_PLAYER_CITIES_ATTACH_MODIFIER', 'REQSET_POT_ADJ_DOLL_HOME_TIER2_ERA') ,

		('DOLL_HOME_PROD_TIER3_MODIFIER', 'MODIFIER_CITY_PLOT_YIELDS_ADJUST_PLOT_YIELD', 'REQSET_POT_ADJ_DOLL_HOME_TIER3') ,
		('DOLL_HOME_PROD_TIER3', 'MODIFIER_PLAYER_CITIES_ATTACH_MODIFIER', 'REQSET_POT_ADJ_DOLL_HOME_TIER3_ERA') ,

		('DOLL_HOME_BASIC_PRODUCTION', 'MODIFIER_PLAYER_DISTRICT_ADJUST_BASE_YIELD_CHANGE', NULL) ,
		('DOLL_HOME_BASIC_CULTURE', 'MODIFIER_PLAYER_DISTRICT_ADJUST_BASE_YIELD_CHANGE', NULL) ,
		('DOLL_HOME_BASIC_SCIENCE', 'MODIFIER_PLAYER_DISTRICT_ADJUST_BASE_YIELD_CHANGE', NULL) ;

		
INSERT INTO ModifierArguments
		(ModifierId, Name, Value)
VALUES	
		('DOLL_HOME_PROD_MODIFIER', 'Amount', '1'),
		('DOLL_HOME_PROD_MODIFIER', 'YieldType', 'YIELD_PRODUCTION') ,
		('DOLL_HOME_PROD', 'ModifierId', 'DOLL_HOME_PROD_MODIFIER')  ,
		
		('DOLL_HOME_PROD_TIER2_MODIFIER', 'Amount',  '1'),
		('DOLL_HOME_PROD_TIER2_MODIFIER', 'YieldType',  'YIELD_PRODUCTION') ,
		('DOLL_HOME_PROD_TIER2', 'ModifierId',  'DOLL_HOME_PROD_TIER2_MODIFIER')  ,		
		
		('DOLL_HOME_PROD_TIER3_MODIFIER', 'Amount',  '1'),
		('DOLL_HOME_PROD_TIER3_MODIFIER', 'YieldType',  'YIELD_PRODUCTION') ,
		('DOLL_HOME_PROD_TIER3', 'ModifierId',  'DOLL_HOME_PROD_TIER3_MODIFIER')  ,

		('DOLL_HOME_BASIC_PRODUCTION', 'Amount',  '2'),
		('DOLL_HOME_BASIC_PRODUCTION', 'YieldType',  'YIELD_PRODUCTION') ,
		('DOLL_HOME_BASIC_CULTURE', 'Amount',  '2'),
		('DOLL_HOME_BASIC_CULTURE', 'YieldType',  'YIELD_CULTURE') ,
		('DOLL_HOME_BASIC_SCIENCE', 'Amount',  '2'),
		('DOLL_HOME_BASIC_SCIENCE', 'YieldType',  'YIELD_SCIENCE') ;
		
	
INSERT INTO TraitModifiers
		(TraitType, ModifierId)
VALUES	('TRAIT_LEADER_DOLL_MASTER',	'DOLL_HOME_PROD') ,
		('TRAIT_LEADER_DOLL_MASTER',	'DOLL_HOME_PROD_TIER2') ,
		('TRAIT_LEADER_DOLL_MASTER',	'DOLL_HOME_PROD_TIER3') ;


INSERT INTO DistrictModifiers
		(DistrictType, ModifierId)
VALUES	('DISTRICT_DOLL_HOME',	'DOLL_HOME_BASIC_PRODUCTION') ,
		('DISTRICT_DOLL_HOME',	'DOLL_HOME_BASIC_CULTURE') ,
		('DISTRICT_DOLL_HOME',	'DOLL_HOME_BASIC_SCIENCE') ;


-- 获得和升级伟人
INSERT INTO Requirements
	(RequirementId, RequirementType)
VALUES	('REQ_UNIT_IS_MARISA', 'REQUIREMENT_UNIT_TYPE_MATCHES') ,
		('REQ_UNIT_IS_SHINKI', 'REQUIREMENT_UNIT_TYPE_MATCHES') ;


INSERT INTO RequirementArguments 
	(RequirementId, Name, Value)
VALUES 	('REQ_UNIT_IS_MARISA',	'UnitType',	'UNIT_KIRISAME_MARISA') ,	
		('REQ_UNIT_IS_SHINKI',	'UnitType',	'UNIT_GOD_SHINKI') ;


INSERT INTO RequirementSets 
	(RequirementSetId, RequirementSetType)
VALUES 	('REQSET_UNIT_IS_MARISA', 'REQUIREMENTSET_TEST_ALL') ,
		('REQSET_UNIT_IS_SHINKI', 'REQUIREMENTSET_TEST_ALL') ;	


INSERT INTO RequirementSetRequirements
	(RequirementSetId,	RequirementId)
VALUES	('REQSET_UNIT_IS_MARISA', 'REQ_UNIT_IS_MARISA') ,
		('REQSET_UNIT_IS_SHINKI', 'REQ_UNIT_IS_SHINKI') ;


INSERT INTO Modifiers 
		(ModifierId, ModifierType, SubjectRequirementSetId)
VALUES	('PROJECT_GRANT_UNIT_MARISA', 'MODIFIER_SINGLE_CITY_GRANT_UNIT_IN_CITY', NULL) ,
		-- ('PROJECT_GRANT_UNIT_SHANGHAI', 'MODIFIER_SINGLE_CITY_GRANT_UNIT_IN_CITY', NULL) ,
		('PROJECT_UNIT_MARISA_PROMOTION', 'MODIFIER_PLAYER_UNITS_ADJUST_GRANT_EXPERIENCE', 'REQSET_UNIT_IS_MARISA') ,
		('PROJECT_UNIT_TEST_MARISA_PROMOTION', 'MODIFIER_PLAYER_UNITS_ADJUST_GRANT_EXPERIENCE', 'REQSET_UNIT_IS_TEST_MARISA') ,
		('PROJECT_GRANT_UNIT_SHINKI', 'MODIFIER_SINGLE_CITY_GRANT_UNIT_IN_CITY', NULL) ,
		('PROJECT_UNIT_SHINKI_PROMOTION', 'MODIFIER_PLAYER_UNITS_ADJUST_GRANT_EXPERIENCE', 'REQSET_UNIT_IS_SHINKI');


INSERT INTO ModifierArguments
		(ModifierId, Name, Value)
VALUES	('PROJECT_GRANT_UNIT_MARISA', 'UnitType', 'UNIT_KIRISAME_MARISA'),
		('PROJECT_GRANT_UNIT_MARISA', 'Amount', 1),
		-- ('PROJECT_GRANT_UNIT_SHANGHAI', 'UnitType', 'UNIT_SHANGHAI'),
		-- ('PROJECT_GRANT_UNIT_SHANGHAI', 'Amount', 1),
		('PROJECT_UNIT_MARISA_PROMOTION', 'Amount', -1) ,
		('PROJECT_UNIT_TEST_MARISA_PROMOTION', 'Amount', -1) ,
		('PROJECT_GRANT_UNIT_SHINKI', 'UnitType', 'UNIT_GOD_SHINKI'),
		('PROJECT_GRANT_UNIT_SHINKI', 'Amount', 1),
		('PROJECT_UNIT_SHINKI_PROMOTION', 'Amount', -1) ;


INSERT INTO ProjectCompletionModifiers
	(ProjectType, ModifierId)
VALUES	('PROJECT_MARISA_AND_SEX_MUSHROOM', 'PROJECT_GRANT_UNIT_MARISA') ,
-- ('PROJECT_MARISA_AND_SEX_MUSHROOM', 'PROJECT_GRANT_UNIT_SHANGHAI') ,
('PROJECT_MARISA_AND_SEX_MUSHROOM_1', 'PROJECT_UNIT_MARISA_PROMOTION') ,
('PROJECT_MARISA_AND_SEX_MUSHROOM_2', 'PROJECT_UNIT_MARISA_PROMOTION') ,
('PROJECT_MARISA_AND_SEX_MUSHROOM_3', 'PROJECT_UNIT_MARISA_PROMOTION') ,
('PROJECT_MARISA_AND_SEX_MUSHROOM_4', 'PROJECT_UNIT_MARISA_PROMOTION') ,
('PROJECT_MARISA_AND_SEX_MUSHROOM_5', 'PROJECT_UNIT_MARISA_PROMOTION') ,
('PROJECT_MARISA_AND_SEX_MUSHROOM_6', 'PROJECT_UNIT_MARISA_PROMOTION') ,
-- ('PROJECT_TEST_MARISA', 'PROJECT_UNIT_TEST_MARISA_PROMOTION') ,
('PROJECT_RECALL_GOD', 'PROJECT_GRANT_UNIT_SHINKI') ,
('PROJECT_GOD_POWER', 'PROJECT_UNIT_SHINKI_PROMOTION');


-- Marisa
INSERT INTO Requirements
	(RequirementId, RequirementType)
VALUES	('REQ_ALICE_DECLARED_FRIEND', 'REQUIREMENT_CIVILIZATION_LEVEL') ;


INSERT INTO RequirementArguments 
	(RequirementId, Name, Value)
VALUES 	('REQ_ALICE_DECLARED_FRIEND',	'OpponentCivLevel',	'CIVILIZATION_LEVEL_FULL_CIV') ;


INSERT INTO RequirementSets 
	(RequirementSetId, RequirementSetType)
VALUES 	('REQSET_ALICE_DECLARED_FRIEND', 'REQUIREMENTSET_TEST_ALL') ;


-- 可以直接设置RequirementId:REQUIRES_MAJOR_CIV_OPPONENT
INSERT INTO RequirementSetRequirements
	(RequirementSetId,	RequirementId)
VALUES	('REQSET_ALICE_DECLARED_FRIEND', 'REQ_ALICE_DECLARED_FRIEND') ;


INSERT INTO Modifiers 
		(ModifierId, ModifierType, SubjectRequirementSetId)
VALUES	('SPY_CHOOSE_SKILL', 'MODIFIER_PLAYER_UNIT_GRANT_UNLIMITED_PROMOTION_CHOICES', NULL) ,
		('MARISA_ADD_TRADE_ROUTE_CAPACITY', 'MODIFIER_ALL_PLAYERS_ATTACH_MODIFIER', 'REQSET_ALICE_DECLARED_FRIEND') ,
		('MARISA_ADD_TRADE_ROUTE_CAPACITY_MODIFIER', 'MODIFIER_PLAYER_ADJUST_TRADE_ROUTE_CAPACITY', NULL) ,
		('MARISA_GRANT_TRADER', 'MODIFIER_ALL_PLAYERS_ATTACH_MODIFIER', 'REQSET_ALICE_DECLARED_FRIEND'),
		('MARISA_GRANT_TRADER_MODIFIER', 'MODIFIER_ALICE_CAPITAL_CITY_GRANT_UNIT_IN_CITY', NULL),
		-- ('MARISA_ADD_TRADE_ROUTE_CAPACITY', 'MODIFIER_PLAYER_ADJUST_TRADE_ROUTE_CAPACITY', NULL) ,
		-- ('MARISA_GRANT_TRADER', 'MODIFIER_ALICE_CAPITAL_CITY_GRANT_UNIT_IN_CITY', NULL);
		('MARISA_FOOD_TO_INCOMING_FOREIGN_ROUTES', 'MODIFIER_PLAYER_CITIES_ADJUST_TRADE_ROUTE_YIELD_TO_OTHERS', 'PLAYER_IS_AT_PEACE_WITH_ALL_MAJORS') ,
		('MARISA_FOOD_FROM_INCOMING_FOREIGN_ROUTES', 'MODIFIER_PLAYER_CITIES_ADJUST_TRADE_ROUTE_YIELD_FROM_OTHERS', 'PLAYER_IS_AT_PEACE_WITH_ALL_MAJORS'),
		('MARISA_PRODUCTION_TO_INCOMING_FOREIGN_ROUTES', 'MODIFIER_PLAYER_CITIES_ADJUST_TRADE_ROUTE_YIELD_TO_OTHERS', 'PLAYER_IS_AT_PEACE_WITH_ALL_MAJORS') ,
		('MARISA_PRODUCTION_FROM_INCOMING_FOREIGN_ROUTES', 'MODIFIER_PLAYER_CITIES_ADJUST_TRADE_ROUTE_YIELD_FROM_OTHERS', 'PLAYER_IS_AT_PEACE_WITH_ALL_MAJORS'),
		('MARISA_CULTURE_TO_INCOMING_FOREIGN_ROUTES', 'MODIFIER_PLAYER_CITIES_ADJUST_TRADE_ROUTE_YIELD_FROM_OTHERS', 'PLAYER_IS_AT_PEACE_WITH_ALL_MAJORS') ,
		('MARISA_CULTURE_TO_INCOMING_FOREIGN_ROUTES', 'MODIFIER_PLAYER_CITIES_ADJUST_TRADE_ROUTE_YIELD_FROM_OTHERS', 'PLAYER_IS_AT_PEACE_WITH_ALL_MAJORS'),
		('MARISA_GOLD_TO_INCOMING_FOREIGN_ROUTES', 'MODIFIER_PLAYER_CITIES_ADJUST_TRADE_ROUTE_YIELD_TO_OTHERS', 'PLAYER_IS_AT_PEACE_WITH_ALL_MAJORS') ,
		('MARISA_GOLD_FROM_INCOMING_FOREIGN_ROUTES', 'MODIFIER_PLAYER_CITIES_ADJUST_TRADE_ROUTE_YIELD_FROM_OTHERS', 'PLAYER_IS_AT_PEACE_WITH_ALL_MAJORS'),
		('SHINKI_CITIZEN_FAITH', 'MODIFIER_PLAYER_CITIES_ADJUST_CITY_YIELD_PER_POPULATION', NULL),
		-- 先试试，如果不行再加上attach_modifier来获得相应产出
		('SHINKI_RELIGIOUS_BELIEF_FAITH_MODIFIER', 'MODIFIER_PLAYER_RELIGION_ADD_RELIGIOUS_BELIEF_YIELD', NULL),
		('SHINKI_RELIGIOUS_BELIEF_GOLD_MODIFIER', 'MODIFIER_PLAYER_RELIGION_ADD_RELIGIOUS_BELIEF_YIELD', NULL);


INSERT INTO ModifierArguments
		(ModifierId, Name, Value)
VALUES	('SPY_CHOOSE_SKILL', 'UnitType', 'UNIT_SPY'),
		('MARISA_ADD_TRADE_ROUTE_CAPACITY', 'ModifierId', 'MARISA_ADD_TRADE_ROUTE_CAPACITY_MODIFIER') ,
		('MARISA_ADD_TRADE_ROUTE_CAPACITY_MODIFIER', 'Amount', 1) ,
		('MARISA_GRANT_TRADER', 'ModifierId', 'MARISA_GRANT_TRADER_MODIFIER') ,
		('MARISA_GRANT_TRADER_MODIFIER', 'UnitType', 'UNIT_TRADER') ,
		('MARISA_GRANT_TRADER_MODIFIER', 'Amount', 1),
		-- ('MARISA_ADD_TRADE_ROUTE_CAPACITY', 'Amount', 1) ,
		-- ('MARISA_GRANT_TRADER', 'UnitType', 'UNIT_TRADER') ,
		-- ('MARISA_GRANT_TRADER', 'Amount', 1);
		('MARISA_FOOD_TO_INCOMING_FOREIGN_ROUTES', 'YieldType', 'YIELD_FOOD') ,
		('MARISA_FOOD_TO_INCOMING_FOREIGN_ROUTES', 'Amount', 2),
		('MARISA_FOOD_FROM_INCOMING_FOREIGN_ROUTES', 'YieldType', 'YIELD_FOOD') ,
		('MARISA_FOOD_FROM_INCOMING_FOREIGN_ROUTES', 'Amount', 2),
		('MARISA_PRODUCTION_TO_INCOMING_FOREIGN_ROUTES', 'YieldType', 'YIELD_PRODUCTION') ,
		('MARISA_PRODUCTION_TO_INCOMING_FOREIGN_ROUTES', 'Amount', 2),
		('MARISA_PRODUCTION_FROM_INCOMING_FOREIGN_ROUTES', 'YieldType', 'YIELD_PRODUCTION') ,
		('MARISA_PRODUCTION_FROM_INCOMING_FOREIGN_ROUTES', 'Amount', 2),
		('MARISA_CULTURE_TO_INCOMING_FOREIGN_ROUTES', 'YieldType', 'YIELD_CULTURE') ,
		('MARISA_CULTURE_TO_INCOMING_FOREIGN_ROUTES', 'Amount', 1),
		('MARISA_CULTURE_FROM_INCOMING_FOREIGN_ROUTES', 'YieldType', 'YIELD_CULTURE') ,
		('MARISA_CULTURE_FROM_INCOMING_FOREIGN_ROUTES', 'Amount', 1),
		('MARISA_GOLD_TO_INCOMING_FOREIGN_ROUTES', 'YieldType', 'YIELD_GOLD') ,
		('MARISA_GOLD_TO_INCOMING_FOREIGN_ROUTES', 'Amount', 5),
		('MARISA_GOLD_FROM_INCOMING_FOREIGN_ROUTES', 'YieldType', 'YIELD_GOLD') ,
		('MARISA_GOLD_FROM_INCOMING_FOREIGN_ROUTES', 'Amount', 5),
		('SHINKI_CITIZEN_FAITH', 'YieldType', 'YIELD_FAITH') ,
		('SHINKI_CITIZEN_FAITH', 'Amount', 1),
		('SHINKI_RELIGIOUS_BELIEF_FAITH_MODIFIER', 'BeliefYieldType', 'BELIEF_YIELD_PER_FOLLOWER') ,
		('SHINKI_RELIGIOUS_BELIEF_FAITH_MODIFIER', 'YieldType', 'YIELD_FAITH'),
		('SHINKI_RELIGIOUS_BELIEF_FAITH_MODIFIER', 'Amount', 1) ,
		('SHINKI_RELIGIOUS_BELIEF_FAITH_MODIFIER', 'PerXItems', 1),
		('SHINKI_RELIGIOUS_BELIEF_GOLD_MODIFIER', 'BeliefYieldType', 'BELIEF_YIELD_PER_FOLLOWER') ,
		('SHINKI_RELIGIOUS_BELIEF_GOLD_MODIFIER', 'YieldType', 'YIELD_GOLD'),
		('SHINKI_RELIGIOUS_BELIEF_GOLD_MODIFIER', 'Amount', 2) ,
		('SHINKI_RELIGIOUS_BELIEF_GOLD_MODIFIER', 'PerXItems', 1);


INSERT INTO UnitPromotionModifiers 
		(UnitPromotionType, ModifierId)
VALUES	('PROMOTION_MARISA_L1L', 'GUNBOATDIPLOMACY_OPENBORDERS') ,
		('PROMOTION_MARISA_L1L', 'GUNBOATDIPLOMACY_INFLUENCEPOINTS') ,
		('PROMOTION_MARISA_L2L', 'UNIQUE_LEADER_ADD_VISIBILITY') ,
		-- 被宣友时，获得一条免费的商路和贸易路线
		('PROMOTION_MARISA_L2L', 'MARISA_ADD_TRADE_ROUTE_CAPACITY') ,
		('PROMOTION_MARISA_L2L', 'MARISA_GRANT_TRADER') ,
		('PROMOTION_MARISA_L3L', 'POTALA_PALACE_DIPLOMATIC_GOVERNMENT_SLOT') ,
		-- 暂时改为史诗任务
		('PROMOTION_MARISA_L1R', 'TRAIT_BARBARIAN_CAMP_GOODY') ,
		-- ('PROMOTION_MARISA_L1R', 'UNIQUE_LEADER_ADD_SPY_CAPACITY') ,
		-- ('PROMOTION_MARISA_L1R', 'SPY_QUARTERMASTER') ,
		('PROMOTION_MARISA_L2R', 'UNIQUE_LEADER_SPIES_START_PROMOTED') ,
		('PROMOTION_MARISA_L2R', 'SPY_CHOOSE_SKILL') ,
		-- 暂时先将效果改为附赠一个间谍并提高一个间谍容量
		('PROMOTION_MARISA_L3R', 'UNIQUE_LEADER_ADD_SPY_CAPACITY') ,
		('PROMOTION_MARISA_L3R', 'UNIQUE_LEADER_ADD_SPY_UNIT') ,
		-- ('PROMOTION_MARISA_L3R', 'SPY_MARISA') ,
		-- ('PROMOTION_MARISA_L3R', 'SPY_MARISA_GREAT_WORK_HEIST') ,
		-- ('PROMOTION_MARISA_L3R', 'SPY_MARISA_SIPHON_FUND') ,
		-- 暂时先将效果改为从同盟时获得贸易路线，同时双方获得更多贸易加成(Arsenal of Democracy)
		('PROMOTION_MARISA_L4', 'ALLIANCE_ADJUST_PLAYER_TRADE_ROUTE_CAPACITY') ,
		('PROMOTION_MARISA_L4', 'MARISA_FOOD_TO_INCOMING_FOREIGN_ROUTES') ,
		('PROMOTION_MARISA_L4', 'MARISA_FOOD_FROM_INCOMING_FOREIGN_ROUTES') ,
		('PROMOTION_MARISA_L4', 'MARISA_PRODUCTION_TO_INCOMING_FOREIGN_ROUTES') ,
		('PROMOTION_MARISA_L4', 'MARISA_PRODUCTION_FROM_INCOMING_FOREIGN_ROUTES') ,
		('PROMOTION_MARISA_L4', 'MARISA_CULTURE_TO_INCOMING_FOREIGN_ROUTES') ,
		('PROMOTION_MARISA_L4', 'MARISA_CULTURE_FROM_INCOMING_FOREIGN_ROUTES') ,
		('PROMOTION_MARISA_L4', 'MARISA_GOLD_TO_INCOMING_FOREIGN_ROUTES') ,
		('PROMOTION_MARISA_L4', 'MARISA_GOLD_FROM_INCOMING_FOREIGN_ROUTES') ,
		('PROMOTION_MARISA_L4', 'ARSENALOFDEMOCRACY_TRADEROUTEFOODTOALLY') ,
		('PROMOTION_MARISA_L4', 'ARSENALOFDEMOCRACY_TRADEROUTEPRODUCTIONTOALLY') ,
		('PROMOTION_MARISA_L4', 'ARSENALOFDEMOCRACY_TRADEROUTEFOODFROMALLY') ,
		('PROMOTION_MARISA_L4', 'ARSENALOFDEMOCRACY_TRADEROUTEPRODUCTIONFROMALLY') ,
		('PROMOTION_MARISA_L4', 'ARSENALOFDEMOCRACY_ALLIANCEPOINTS') ;

-- Shinki
-- Can see any thing
CREATE TABLE IF NOT EXISTS HiddenStrategics AS 
	SELECT ResourceType FROM Resources 
	WHERE ResourceClassType="RESOURCECLASS_STRATEGIC" AND PrereqTech IS NOT NULL ;


INSERT INTO Modifiers 
	(ModifierId, 	ModifierType, 	RunOnce, Permanent, OwnerRequirementSetId, SubjectRequirementSetId)
SELECT	'ALICE_PLAYER_CAN_SEE' || HiddenStrategics.ResourceType, 	'MODIFIER_PLAYER_GRANT_FREE_RESOURCE_VISIBILITY', 1, 1, NULL, NULL
	FROM HiddenStrategics;


INSERT INTO ModifierArguments
	(ModifierId, Name, Value)
SELECT 'ALICE_PLAYER_CAN_SEE' || HiddenStrategics.ResourceType, 'ResourceType', HiddenStrategics.ResourceType	
	FROM HiddenStrategics;

INSERT INTO UnitPromotionModifiers
	(UnitPromotionType, ModifierId)
SELECT 'PROMOTION_SHINKI_L1', 'ALICE_PLAYER_CAN_SEE' || HiddenStrategics.ResourceType
	FROM HiddenStrategics;


-- Can build any improvement
INSERT INTO Modifiers 
		(ModifierId, ModifierType, RunOnce, Permanent, OwnerRequirementSetId, SubjectRequirementSetId)
SELECT 'ALICE_PLAYER_CAN_BUILD_' || ImprovementType, 'MODIFIER_PLAYER_ADJUST_VALID_IMPROVEMENT', 0, 0, NULL, NULL
FROM Improvements;

INSERT INTO ModifierArguments
		(ModifierId, Name, Value)
SELECT 'ALICE_PLAYER_CAN_BUILD_' || ImprovementType, 'ImprovementType', ImprovementType
FROM Improvements;

INSERT INTO UnitPromotionModifiers
		(UnitPromotionType, ModifierId)
SELECT 'PROMOTION_SHINKI_L3', 'ALICE_PLAYER_CAN_BUILD_' || ImprovementType
FROM Improvements;

-- Some wonder stronger
-- 先随便用2个技能代替试试
INSERT INTO UnitPromotionModifiers
	(UnitPromotionType, ModifierId)
VALUES	('PROMOTION_SHINKI_L2', 'SHINKI_CITIZEN_FAITH') ,
('PROMOTION_SHINKI_L2', 'SHINKI_RELIGIOUS_BELIEF_FAITH_MODIFIER') ,
('PROMOTION_SHINKI_L2', 'SHINKI_RELIGIOUS_BELIEF_GOLD_MODIFIER') ;



-- marisa
-- INSERT INTO Modifiers
-- (ModifierId, ModifierType, SubjectRequirementSetId)
-- VALUES
-- ('TRAIT_RANGED_STRONG_WHEN_ATTACKING', 'MODIFIER_PLAYER_UNITS_ATTACH_MODIFIER', 'REQSET_UNIT_IS_RANGED')，
-- ('TRAIT_RANGED_STRONG_WHEN_ATTACKING_MODIFIER', 'MODIFIER_PLAYER_UNITS_ADJUST_COMBAT_STRENGTH', 'UNIT_STRONG_WHEN_ATTACKING_REQUIREMENTS')，
-- ('TRAIT_RANGED_WEAK_WHEN_DEFENDING', 'MODIFIER_PLAYER_UNITS_ATTACH_MODIFIER', 'REQSET_UNIT_IS_RANGED')，
-- ('TRAIT_RANGED_WEAK_WHEN_DEFENDING_MODIFIER', 'MODIFIER_PLAYER_UNITS_ADJUST_COMBAT_STRENGTH', 'UNIT_WEAK_WHEN_DEFENDING_REQUIREMENTS');


-- TEST_MARISA
INSERT INTO Modifiers 
		(ModifierId, ModifierType, SubjectRequirementSetId)
VALUES	('MARISA_MASTER_SPARK_1_MODIFIER', 'MODIFIER_UNIT_ADJUST_COMBAT_STRENGTH', NULL) ,
		('MARISA_MASTER_SPARK_1', 'MODIFIER_SINGLE_UNIT_ATTACH_MODIFIER', NULL) ,
		('MARISA_MASTER_SPARK_2_MODIFIER', 'MODIFIER_UNIT_ADJUST_COMBAT_STRENGTH', NULL) ,
		('MARISA_MASTER_SPARK_2', 'MODIFIER_PLAYER_UNITS_ATTACH_MODIFIER', 'REQSET_UNIT_IS_TEST_MARISA') ,
		('MARISA_MASTER_SPARK_VS_DISTRICT_DEFENSES_MODIFIER', 'MODIFIER_UNIT_ADJUST_COMBAT_STRENGTH', NULL) ,
		('MARISA_MASTER_SPARK_VS_DISTRICT_DEFENSES', 'MODIFIER_PLAYER_UNITS_ATTACH_MODIFIER', 'REQSET_UNIT_IS_TEST_MARISA') ,
		('MARISA_MASTER_SPARK_3_MODIFIER', 'MODIFIER_UNIT_ADJUST_COMBAT_STRENGTH', NULL) ,
		('MARISA_MASTER_SPARK_3', 'MODIFIER_PLAYER_UNITS_ATTACH_MODIFIER', 'REQSET_UNIT_IS_TEST_MARISA') ,

		('COMMANDER_RANGED_STRONG_WHEN_ATTACKING_MODIFIER', 'MODIFIER_PLAYER_UNITS_ADJUST_COMBAT_STRENGTH', 'UNIT_STRONG_WHEN_ATTACKING_REQUIREMENTS'),
		('COMMANDER_RANGED_STRONG_WHEN_ATTACKING', 'MODIFIER_PLAYER_UNITS_ATTACH_MODIFIER', 'REQSET_UNIT_IS_RANGED'),
		('COMMANDER_RANGED_WEAK_WHEN_DEFENDING_MODIFIER', 'MODIFIER_PLAYER_UNITS_ADJUST_COMBAT_STRENGTH', 'UNIT_WEAK_WHEN_DEFENDING_REQUIREMENTS'),
		('COMMANDER_RANGED_WEAK_WHEN_DEFENDING', 'MODIFIER_PLAYER_UNITS_ATTACH_MODIFIER', 'REQSET_UNIT_IS_RANGED'),

		('SPEED_IGNORE_TERRAIN', 'MODIFIER_SINGLE_UNIT_ATTACH_MODIFIER', NULL),
		('SPEED_IGNORE_TERRAIN_MODIFIER', 'MODIFIER_PLAYER_UNITS_GRANT_ABILITY', NULL),
		('SPEED_IGNORE_ZONE', 'MODIFIER_PLAYER_UNIT_ADJUST_IGNORE_ZOC', NULL),
		('SPEED_MOVE_FAST', 'MODIFIER_PLAYER_UNITS_ADJUST_MOVEMENT', NULL);



INSERT INTO ModifierArguments
		(ModifierId, Name, Value)
VALUES	('MARISA_MASTER_SPARK_1', 'ModifierId', 'MARISA_MASTER_SPARK_1_MODIFIER'),
		('MARISA_MASTER_SPARK_1_MODIFIER', 'Amount', 10) ,
		('MARISA_MASTER_SPARK_2', 'ModifierId', 'MARISA_MASTER_SPARK_2_MODIFIER'),
		('MARISA_MASTER_SPARK_2_MODIFIER', 'Amount', 20) ,
		('MARISA_MASTER_SPARK_VS_DISTRICT_DEFENSES', 'ModifierId', 'MARISA_MASTER_SPARK_VS_DISTRICT_DEFENSES_MODIFIER'),
		('MARISA_MASTER_SPARK_VS_DISTRICT_DEFENSES_MODIFIER', 'Amount', 17) ,
		('MARISA_MASTER_SPARK_3', 'ModifierId', 'MARISA_MASTER_SPARK_3_MODIFIER'),
		('MARISA_MASTER_SPARK_3_MODIFIER', 'Amount', 30) ,

		('COMMANDER_RANGED_STRONG_WHEN_ATTACKING', 'ModifierId', 'COMMANDER_RANGED_STRONG_WHEN_ATTACKING_MODIFIER'),
		('COMMANDER_RANGED_STRONG_WHEN_ATTACKING_MODIFIER', 'Amount', 5) ,
		('COMMANDER_RANGED_WEAK_WHEN_DEFENDING', 'ModifierId', 'COMMANDER_RANGED_WEAK_WHEN_DEFENDING_MODIFIER'),
		('COMMANDER_RANGED_WEAK_WHEN_DEFENDING_MODIFIER', 'Amount', -5) ,

		('SPEED_IGNORE_TERRAIN', 'ModifierId', 'SPEED_IGNORE_TERRAIN_MODIFIER'),
		('SPEED_IGNORE_TERRAIN_MODIFIER', 'AbilityType', 'ABILITY_RELIGIOUS_IGNORE_TERRAIN_COST') ,
		('SPEED_IGNORE_ZONE', 'Ignore', 1),
		('SPEED_MOVE_FAST', 'Amount', 1) ;


INSERT INTO UnitPromotionModifiers 
		(UnitPromotionType, ModifierId)
VALUES	('PROMOTION_MARISA_DIPLOMAT_MASTERSPARK_1', 'GUNBOATDIPLOMACY_OPENBORDERS') ,
		('PROMOTION_MARISA_DIPLOMAT_MASTERSPARK_1', 'GUNBOATDIPLOMACY_INFLUENCEPOINTS') ,
		('PROMOTION_MARISA_DIPLOMAT_LADY_KILLER_1', 'UNIQUE_LEADER_ADD_VISIBILITY') ,
		('PROMOTION_MARISA_DIPLOMAT_FRIENDLY_1', 'TRAIT_BARBARIAN_CAMP_GOODY') ,

		('PROMOTION_MARISA_DIPLOMAT_LADY_KILLER_2', 'MARISA_ADD_TRADE_ROUTE_CAPACITY') ,
		('PROMOTION_MARISA_DIPLOMAT_LADY_KILLER_2', 'MARISA_GRANT_TRADER') ,

		('PROMOTION_MARISA_DIPLOMAT_LADY_KILLER_3', 'ALLIANCE_ADJUST_PLAYER_TRADE_ROUTE_CAPACITY') ,
		('PROMOTION_MARISA_DIPLOMAT_LADY_KILLER_3', 'ARSENALOFDEMOCRACY_TRADEROUTEFOODTOALLY') ,
		('PROMOTION_MARISA_DIPLOMAT_LADY_KILLER_3', 'ARSENALOFDEMOCRACY_TRADEROUTEPRODUCTIONTOALLY') ,
		('PROMOTION_MARISA_DIPLOMAT_LADY_KILLER_3', 'ARSENALOFDEMOCRACY_TRADEROUTEFOODFROMALLY') ,
		('PROMOTION_MARISA_DIPLOMAT_LADY_KILLER_3', 'ARSENALOFDEMOCRACY_TRADEROUTEPRODUCTIONFROMALLY') ,
		('PROMOTION_MARISA_DIPLOMAT_LOVE_PEACE', 'ARSENALOFDEMOCRACY_ALLIANCEPOINTS') ,

		('PROMOTION_MARISA_BATTLE_MASTER_SPARK_1', 'MARISA_MASTER_SPARK_1') ,
		('PROMOTION_MARISA_BATTLE_MASTER_SPARK_2', 'MARISA_MASTER_SPARK_2') ,
		-- 对城墙造成全额伤害，但仅限于近战，可能要改
		-- ('PROMOTION_MARISA_BATTLE_MASTER_SPARK_2', 'ENABLE_WALL_ATTACK') ,
		('PROMOTION_MARISA_BATTLE_MASTER_SPARK_2', 'MARISA_MASTER_SPARK_VS_DISTRICT_DEFENSES') ,

		('PROMOTION_MARISA_BATTLE_MASTER_SPARK_3', 'MARISA_MASTER_SPARK_3') ,
		-- 气球的效果，不仅加自己，还加周围右方单位，可能要改
		('PROMOTION_MARISA_BATTLE_MASTER_SPARK_3', 'OBSERVATION_INCREASED_SIGHT_RANGE') ,
		('PROMOTION_MARISA_BATTLE_MASTER_COMMANDER_1', 'COMMANDER_RANGED_STRONG_WHEN_ATTACKING') ,
		('PROMOTION_MARISA_BATTLE_MASTER_COMMANDER_1', 'COMMANDER_RANGED_WEAK_WHEN_DEFENDING') ,

		('PROMOTION_MARISA_BATTLE_MASTER_SPEED_1', 'SPEED_IGNORE_TERRAIN') ,
		('PROMOTION_MARISA_BATTLE_MASTER_SPEED_1', 'SPEED_IGNORE_ZONE') ,
		('PROMOTION_MARISA_BATTLE_MASTER_SPEED_2', 'SPEED_MOVE_FAST'),
		('PROMOTION_MARISA_BATTLE_MASTER_SPEED_2', 'EXPERT_MARKSMAN_ADDITIONAL_ATTACK');


-- 测试用代码
-- UPDATE Building_YieldChanges 
-- SET YieldChange = 50
-- WHERE BuildingType = 'BUILDING_PALACE';