-- 提升工业区建筑产能(由2/3/4提升至4/8/12)
UPDATE Building_YieldChanges
SET YieldChange = 4 
WHERE BuildingType="BUILDING_WORKSHOP" AND YieldType="YIELD_PRODUCTION";

UPDATE Building_YieldChanges
SET YieldChange = 8
WHERE BuildingType="BUILDING_FACTORY" AND YieldType="YIELD_PRODUCTION";

UPDATE Building_YieldChanges
SET YieldChange = 8
WHERE BuildingType="BUILDING_ELECTRONICS_FACTORY" AND YieldType="YIELD_PRODUCTION";

UPDATE Building_YieldChanges
SET YieldChange = 12
WHERE BuildingType="BUILDING_POWER_PLANT" AND YieldType="YIELD_PRODUCTION"; 

-- 每个工业区建筑为城市建造(包括区域/建筑/奇观)提供5%产能
-- 工业区本身为城市建造(包括区域/建筑/奇观)提供10%产能
INSERT INTO Modifiers(ModifierId,ModifierType,SubjectRequirementSetId)
VALUES 
('BUILDING_WORKSHOP_FASTER_BUILDTIME_DISTRICTS','MODIFIER_SINGLE_CITY_ADJUST_DISTRICT_PRODUCTION_MODIFIER',NULL),
('BUILDING_WORKSHOP_FASTER_BUILDTIME_BUILDINGS','MODIFIER_SINGLE_CITY_ADJUST_BUILDING_PRODUCTION_MODIFIER',NULL),
('BUILDING_FACTORY_FASTER_BUILDTIME_DISTRICTS','MODIFIER_SINGLE_CITY_ADJUST_DISTRICT_PRODUCTION_MODIFIER',NULL),
('BUILDING_FACTORY_FASTER_BUILDTIME_BUILDINGS','MODIFIER_SINGLE_CITY_ADJUST_BUILDING_PRODUCTION_MODIFIER',NULL),
('BUILDING_ELECTRONICS_FACTORY_FASTER_BUILDTIME_DISTRICTS','MODIFIER_SINGLE_CITY_ADJUST_DISTRICT_PRODUCTION_MODIFIER',NULL),
('BUILDING_ELECTRONICS_FACTORY_FASTER_BUILDTIME_BUILDINGS','MODIFIER_SINGLE_CITY_ADJUST_BUILDING_PRODUCTION_MODIFIER',NULL),
('BUILDING_POWER_PLANT_FASTER_BUILDTIME_DISTRICTS','MODIFIER_SINGLE_CITY_ADJUST_DISTRICT_PRODUCTION_MODIFIER',NULL),
('BUILDING_POWER_PLANT_FASTER_BUILDTIME_BUILDINGS','MODIFIER_SINGLE_CITY_ADJUST_BUILDING_PRODUCTION_MODIFIER',NULL),
-- DISTRICT_INDUSTRIAL_ZONE
('DISTRICT_HANSA_FASTER_BUILDTIME_DISTRICTS','MODIFIER_SINGLE_CITY_ADJUST_DISTRICT_PRODUCTION_MODIFIER',NULL),
('DISTRICT_HANSA_FASTER_BUILDTIME_BUILDINGS','MODIFIER_SINGLE_CITY_ADJUST_BUILDING_PRODUCTION_MODIFIER',NULL),
('DISTRICT_INDUSTRIAL_ZONE_FASTER_BUILDTIME_DISTRICTS','MODIFIER_SINGLE_CITY_ADJUST_DISTRICT_PRODUCTION_MODIFIER',NULL),
('DISTRICT_INDUSTRIAL_ZONE_FASTER_BUILDTIME_BUILDINGS','MODIFIER_SINGLE_CITY_ADJUST_BUILDING_PRODUCTION_MODIFIER',NULL);


INSERT INTO ModifierArguments(ModifierId,Name,Value)
VALUES 
('BUILDING_WORKSHOP_FASTER_BUILDTIME_DISTRICTS','Amount',5),
('BUILDING_WORKSHOP_FASTER_BUILDTIME_BUILDINGS','Amount',5),
('BUILDING_FACTORY_FASTER_BUILDTIME_DISTRICTS','Amount',5),
('BUILDING_FACTORY_FASTER_BUILDTIME_BUILDINGS','Amount',5),
('BUILDING_ELECTRONICS_FACTORY_FASTER_BUILDTIME_DISTRICTS','Amount',5),
('BUILDING_ELECTRONICS_FACTORY_FASTER_BUILDTIME_BUILDINGS','Amount',5),
('BUILDING_POWER_PLANT_FASTER_BUILDTIME_DISTRICTS','Amount',5),
('BUILDING_POWER_PLANT_FASTER_BUILDTIME_BUILDINGS','Amount',5),
-- DISTRICT_INDUSTRIAL_ZONE
('DISTRICT_HANSA_FASTER_BUILDTIME_DISTRICTS','Amount',10),
('DISTRICT_HANSA_FASTER_BUILDTIME_BUILDINGS','Amount',10),
('DISTRICT_INDUSTRIAL_ZONE_FASTER_BUILDTIME_DISTRICTS','Amount',10),
('DISTRICT_INDUSTRIAL_ZONE_FASTER_BUILDTIME_BUILDINGS','Amount',10);


-- 注意，实际写代码的时候，奇观是包含在建筑内的，所以不需要额外代码。
INSERT INTO BuildingModifiers(BuildingType,ModifierId)
VALUES
('BUILDING_WORKSHOP','BUILDING_WORKSHOP_FASTER_BUILDTIME_DISTRICTS'),
('BUILDING_WORKSHOP','BUILDING_WORKSHOP_FASTER_BUILDTIME_BUILDINGS'),
('BUILDING_FACTORY','BUILDING_FACTORY_FASTER_BUILDTIME_DISTRICTS'),
('BUILDING_FACTORY','BUILDING_FACTORY_FASTER_BUILDTIME_BUILDINGS'),
('BUILDING_ELECTRONICS_FACTORY','BUILDING_ELECTRONICS_FACTORY_FASTER_BUILDTIME_DISTRICTS'),
('BUILDING_ELECTRONICS_FACTORY','BUILDING_ELECTRONICS_FACTORY_FASTER_BUILDTIME_BUILDINGS'),
('BUILDING_POWER_PLANT','BUILDING_POWER_PLANT_FASTER_BUILDTIME_DISTRICTS'),
('BUILDING_POWER_PLANT','BUILDING_POWER_PLANT_FASTER_BUILDTIME_BUILDINGS');


INSERT INTO DistrictModifiers(DistrictType,ModifierId)
VALUES
('DISTRICT_HANSA','DISTRICT_HANSA_FASTER_BUILDTIME_DISTRICTS'),
('DISTRICT_HANSA','DISTRICT_HANSA_FASTER_BUILDTIME_BUILDINGS'),
('DISTRICT_INDUSTRIAL_ZONE','DISTRICT_INDUSTRIAL_ZONE_FASTER_BUILDTIME_DISTRICTS'),
('DISTRICT_INDUSTRIAL_ZONE','DISTRICT_INDUSTRIAL_ZONE_FASTER_BUILDTIME_BUILDINGS');

